foreign_count,foreign_area,foreign_max_area,foreign_compactness,foreign_top,foreign_peak_rel,foreign_asym,foreign_elong_max,foreign_elong_count,foreign_area_left,foreign_area_right,image_uid
0.0,0.0,0.0,0.0,0.0,0.0,0.0,0.0,0.0,0.0,0.0,1.2.643.5.1.13.13.12.2.77.8252.14031015091008031013040205110915
0.0,0.0,0.0,0.0,0.0,0.0,0.0,0.0,0.0,0.0,0.0,1.2.643.5.1.13.13.12.2.77.8252.06000812101106141213041404150112
0.0,0.0,0.0,0.0,0.0,0.0,0.0,0.0,0.0,0.0,0.0,1.2.643.5.1.13.13.12.2.77.8252.13011105091309080008130511041109
2.0,0.0007547169811320754,0.0005870020964360587,1.0,0.014712488769092591,0.8412401948995258,1.0,4.58257569495584,1.0,0.0,0.0007547169811320754,1.2.643.5.1.13.13.12.2.77.8252.09050515110402090102050206010406
0.0,0.0,0.0,0.0,0.0,0.0,0.0,0.0,0.0,0.0,0.0,1.2.643.5.1.13.13.12.2.77.8252.07120303070106110214090814060908
0.0,0.0,0.0,0.0,0.0,0.0,0.0,0.0,0.0,0.0,0.0,1.2.643.5.1.13.13.12.2.77.8252.06140010030611061314081200121305
0.0,0.0,0.0,0.0,0.0,0.0,0.0,0.0,0.0,0.0,0.0,1.2.643.5.1.13.13.12.2.77.8252.13101207101114060008151413130115
0.0,0.0,0.0,0.0,0.0,0.0,0.0,0.0,0.0,0.0,0.0,1.2.643.5.1.13.13.12.2.77.8252.03030413031313090107050002151508
0.0,0.0,0.0,0.0,0.0,0.0,0.0,0.0,0.0,0.0,0.0,1.2.643.5.1.13.13.12.2.77.8252.08010006000103071201020606001302
2.0,0.0004192872117400419,0.00023060796645702305,0.9,0.012292738707833095,0.8203622423079571,1.0,1.9869958841088624,0.0,0.0,0.0004192872117400419,1.2.643.5.1.13.13.12.2.77.8252.14131410040814100713070401091213
0.0,0.0,0.0,0.0,0.0,0.0,0.0,0.0,0.0,0.0,0.0,1.2.643.5.1.13.13.12.2.77.8252.07000215121313030213041009101409
0.0,0.0,0.0,0.0,0.0,0.0,0.0,0.0,0.0,0.0,0.0,1.2.643.5.1.13.13.12.2.77.8252.03081500040505121009070211080902
1.0,0.00019744483159117305,0.00019744483159117305,0.85,0.009428161508505783,0.7800511162062198,1.0,1.2951176373957771,0.0,0.00019744483159117305,0.0,1.2.643.5.1.13.13.12.2.77.8252.10030113050111051002020402141304
0.0,0.0,0.0,0.0,0.0,0.0,0.0,0.0,0.0,0.0,0.0,1.2.643.5.1.13.13.12.2.77.8252.01140903011212140408111315130511
0.0,0.0,0.0,0.0,0.0,0.0,0.0,0.0,0.0,0.0,0.0,1.2.643.5.1.13.13.12.2.77.8252.10100907120107030904131503081506
0.0,0.0,0.0,0.0,0.0,0.0,0.0,0.0,0.0,0.0,0.0,1.2.643.5.1.13.13.12.2.77.8252.11011413051206050400150606100110
0.0,0.0,0.0,0.0,0.0,0.0,0.0,0.0,0.0,0.0,0.0,1.2.643.5.1.13.13.12.2.77.8252.10140807011010031112140700150015
0.0,0.0,0.0,0.0,0.0,0.0,0.0,0.0,0.0,0.0,0.0,1.2.643.5.1.13.13.12.2.77.8252.06050309100102041203101101110913
0.0,0.0,0.0,0.0,0.0,0.0,0.0,0.0,0.0,0.0,0.0,1.2.643.5.1.13.13.12.2.77.8252.08120904010605130814050710080508
0.0,0.0,0.0,0.0,0.0,0.0,0.0,0.0,0.0,0.0,0.0,1.2.643.5.1.13.13.12.2.77.8252.15031208100010080909150509041308
0.0,0.0,0.0,0.0,0.0,0.0,0.0,0.0,0.0,0.0,0.0,1.2.643.5.1.13.13.12.2.77.8252.12051209130410130502141403101414
0.0,0.0,0.0,0.0,0.0,0.0,0.0,0.0,0.0,0.0,0.0,1.2.643.5.1.13.13.12.2.77.8252.00071307071102020311080215100104
0.0,0.0,0.0,0.0,0.0,0.0,0.0,0.0,0.0,0.0,0.0,1.2.643.5.1.13.13.12.2.77.8252.11131406091213131205130612021414
0.0,0.0,0.0,0.0,0.0,0.0,0.0,0.0,0.0,0.0,0.0,1.2.643.5.1.13.13.12.2.77.8252.11120508121303130402081303070008
1.0,0.0005651672433679354,0.0005651672433679354,0.5,0.025210084033613467,0.7919112950155179,1.0,3.918040406124592,1.0,0.0005651672433679354,0.0,1.2.643.5.1.13.13.12.2.77.8252.14031513011512070711151413071213
0.0,0.0,0.0,0.0,0.0,0.0,0.0,0.0,0.0,0.0,0.0,1.2.643.5.1.13.13.12.2.77.8252.11051001091403121310010813110103
0.0,0.0,0.0,0.0,0.0,0.0,0.0,0.0,0.0,0.0,0.0,1.2.643.5.1.13.13.12.2.77.8252.12051512011202090502051206130907
5.0,0.0382183908045977,0.014829638752052544,0.7247474747474747,0.6189124514397853,1.009973317505377,0.6917293233082706,10.876837523962017,4.0,0.032327586206896554,0.005890804597701149,1.2.643.5.1.13.13.12.2.77.8252.07121414121104070401050315140813
0.0,0.0,0.0,0.0,0.0,0.0,0.0,0.0,0.0,0.0,0.0,1.2.643.5.1.13.13.12.2.77.8252.15090515141309140806011408041204
0.0,0.0,0.0,0.0,0.0,0.0,0.0,0.0,0.0,0.0,0.0,1.2.643.5.1.13.13.12.2.77.8252.10001500010311100907131007040004
0.0,0.0,0.0,0.0,0.0,0.0,0.0,0.0,0.0,0.0,0.0,1.2.643.5.1.13.13.12.2.77.8252.08111114040702130902010708100700
0.0,0.0,0.0,0.0,0.0,0.0,0.0,0.0,0.0,0.0,0.0,1.2.643.5.1.13.13.12.2.77.8252.00111415140915030904140513150113
1.0,0.0010482180293501049,0.0010482180293501049,0.6535947712418301,0.011918238993710806,0.8667149935367603,1.0,2.01536234670035,0.0,0.0,0.0010482180293501049,1.2.643.5.1.13.13.12.2.77.8252.05150512091506110304120408070606
0.0,0.0,0.0,0.0,0.0,0.0,0.0,0.0,0.0,0.0,0.0,1.2.643.5.1.13.13.12.2.77.8252.01010713081306120510130101121412
0.0,0.0,0.0,0.0,0.0,0.0,0.0,0.0,0.0,0.0,0.0,1.2.643.5.1.13.13.12.2.77.8252.13011301091003020814061203020304
0.0,0.0,0.0,0.0,0.0,0.0,0.0,0.0,0.0,0.0,0.0,1.2.643.5.1.13.13.12.2.77.8252.15060100040008041103060904131005
0.0,0.0,0.0,0.0,0.0,0.0,0.0,0.0,0.0,0.0,0.0,1.2.643.5.1.13.13.12.2.77.8252.11100905091110000105111305090709
0.0,0.0,0.0,0.0,0.0,0.0,0.0,0.0,0.0,0.0,0.0,1.2.643.5.1.13.13.12.2.77.8252.02101009080308000015051512140806
0.0,0.0,0.0,0.0,0.0,0.0,0.0,0.0,0.0,0.0,0.0,1.2.643.5.1.13.13.12.2.77.8252.12031311070507060813050800031313
0.0,0.0,0.0,0.0,0.0,0.0,0.0,0.0,0.0,0.0,0.0,1.2.643.5.1.13.13.12.2.77.8252.04131510070001011107040403071102
0.0,0.0,0.0,0.0,0.0,0.0,0.0,0.0,0.0,0.0,0.0,1.2.643.5.1.13.13.12.2.77.8252.10081312010805021201100507060411
0.0,0.0,0.0,0.0,0.0,0.0,0.0,0.0,0.0,0.0,0.0,1.2.643.5.1.13.13.12.2.77.8252.08050506060410091114110412130504
0.0,0.0,0.0,0.0,0.0,0.0,0.0,0.0,0.0,0.0,0.0,1.2.643.5.1.13.13.12.2.77.8252.06141210040207130507130606070312
0.0,0.0,0.0,0.0,0.0,0.0,0.0,0.0,0.0,0.0,0.0,1.2.643.5.1.13.13.12.2.77.8252.10031005061115110908060312000307
0.0,0.0,0.0,0.0,0.0,0.0,0.0,0.0,0.0,0.0,0.0,1.2.643.5.1.13.13.12.2.77.8252.11151304101402090112060913070605
0.0,0.0,0.0,0.0,0.0,0.0,0.0,0.0,0.0,0.0,0.0,1.2.643.5.1.13.13.12.2.77.8252.08121504041301080101130415050611
0.0,0.0,0.0,0.0,0.0,0.0,0.0,0.0,0.0,0.0,0.0,1.2.643.5.1.13.13.12.2.77.8252.13130511100900071404010502130909
0.0,0.0,0.0,0.0,0.0,0.0,0.0,0.0,0.0,0.0,0.0,1.2.643.5.1.13.13.12.2.77.8252.03120008051300001208141011101302
1.0,0.004143550624133148,0.004143550624133148,0.5772946859903382,0.09578746394767845,0.9549719627867354,1.0,7.651273199044661,1.0,0.004143550624133148,0.0,1.2.643.5.1.13.13.12.2.77.8252.03020502031409151006020306090105
0.0,0.0,0.0,0.0,0.0,0.0,0.0,0.0,0.0,0.0,0.0,1.2.643.5.1.13.13.12.2.77.8252.07111115111305011108141412010801
0.0,0.0,0.0,0.0,0.0,0.0,0.0,0.0,0.0,0.0,0.0,1.2.643.5.1.13.13.12.2.77.8252.02011409120209130807021302101100
0.0,0.0,0.0,0.0,0.0,0.0,0.0,0.0,0.0,0.0,0.0,1.2.643.5.1.13.13.12.2.77.8252.07050602130910101513020700010509
0.0,0.0,0.0,0.0,0.0,0.0,0.0,0.0,0.0,0.0,0.0,1.2.643.5.1.13.13.12.2.77.8252.02030508140000071310150302011113
0.0,0.0,0.0,0.0,0.0,0.0,0.0,0.0,0.0,0.0,0.0,1.2.643.5.1.13.13.12.2.77.8252.09070705131210061514041509120513
0.0,0.0,0.0,0.0,0.0,0.0,0.0,0.0,0.0,0.0,0.0,1.2.643.5.1.13.13.12.2.77.8252.09060004140611120111091509030603
0.0,0.0,0.0,0.0,0.0,0.0,0.0,0.0,0.0,0.0,0.0,1.2.643.5.1.13.13.12.2.77.8252.12120911020011140507050515090906
0.0,0.0,0.0,0.0,0.0,0.0,0.0,0.0,0.0,0.0,0.0,1.2.643.5.1.13.13.12.2.77.8252.11000605051111050207041006140905
0.0,0.0,0.0,0.0,0.0,0.0,0.0,0.0,0.0,0.0,0.0,1.2.643.5.1.13.13.12.2.77.8252.00131503020212110600101502020700
0.0,0.0,0.0,0.0,0.0,0.0,0.0,0.0,0.0,0.0,0.0,1.2.643.5.1.13.13.12.2.77.8252.05100110120015150515030506140402
0.0,0.0,0.0,0.0,0.0,0.0,0.0,0.0,0.0,0.0,0.0,1.2.643.5.1.13.13.12.2.77.8252.12051101030200021506031210090702
0.0,0.0,0.0,0.0,0.0,0.0,0.0,0.0,0.0,0.0,0.0,1.2.643.5.1.13.13.12.2.77.8252.06081211090913150712130913130401
1.0,0.0006354166666666666,0.0006354166666666666,0.6777777777777778,0.06890368852459017,0.8619801217291553,1.0,1.7140090495466798,0.0,0.0,0.0006354166666666666,1.2.643.5.1.13.13.12.2.77.8252.15080409060108110106110204020115
0.0,0.0,0.0,0.0,0.0,0.0,0.0,0.0,0.0,0.0,0.0,1.2.643.5.1.13.13.12.2.77.8252.13151303131009131214000609090104
0.0,0.0,0.0,0.0,0.0,0.0,0.0,0.0,0.0,0.0,0.0,1.2.643.5.1.13.13.12.2.77.8252.06120903051105150112061201080014
0.0,0.0,0.0,0.0,0.0,0.0,0.0,0.0,0.0,0.0,0.0,1.2.643.5.1.13.13.12.2.77.8252.07151108041411120004040810151209
0.0,0.0,0.0,0.0,0.0,0.0,0.0,0.0,0.0,0.0,0.0,1.2.643.5.1.13.13.12.2.77.8252.05020106091400040809110708040301
0.0,0.0,0.0,0.0,0.0,0.0,0.0,0.0,0.0,0.0,0.0,1.2.643.5.1.13.13.12.2.77.8252.15140601101305061400021505010802
0.0,0.0,0.0,0.0,0.0,0.0,0.0,0.0,0.0,0.0,0.0,1.2.643.5.1.13.13.12.2.77.8252.11150104101400000200001411070008
0.0,0.0,0.0,0.0,0.0,0.0,0.0,0.0,0.0,0.0,0.0,1.2.643.5.1.13.13.12.2.77.8252.02031303080313100507120501150506
0.0,0.0,0.0,0.0,0.0,0.0,0.0,0.0,0.0,0.0,0.0,1.2.643.5.1.13.13.12.2.77.8252.02090003020511130407030106110206
0.0,0.0,0.0,0.0,0.0,0.0,0.0,0.0,0.0,0.0,0.0,1.2.643.5.1.13.13.12.2.77.8252.13090607110001000310151006050113
0.0,0.0,0.0,0.0,0.0,0.0,0.0,0.0,0.0,0.0,0.0,1.2.643.5.1.13.13.12.2.77.8252.04040803080402061202041005000304
0.0,0.0,0.0,0.0,0.0,0.0,0.0,0.0,0.0,0.0,0.0,1.2.643.5.1.13.13.12.2.77.8252.14121200111500000012151207021305
0.0,0.0,0.0,0.0,0.0,0.0,0.0,0.0,0.0,0.0,0.0,1.2.643.5.1.13.13.12.2.77.8252.12060607091105150404131215110908
0.0,0.0,0.0,0.0,0.0,0.0,0.0,0.0,0.0,0.0,0.0,1.2.643.5.1.13.13.12.2.77.8252.04060811050000140014040410080212
3.0,0.0010520833333333333,0.00053125,0.8,0.04921874999999998,0.8610350029653611,0.009900990099009901,1.597236648815628,0.0,0.0005208333333333333,0.00053125,1.2.643.5.1.13.13.12.2.77.8252.09030712140506070904071003000708
2.0,0.0005152471083070452,0.0003470031545741325,0.8888888888888888,0.9682630723640188,0.844804339080687,1.0,4.903905851401593,1.0,0.0005152471083070452,0.0,1.2.643.5.1.13.13.12.2.77.8252.02050314081501100100131400110412
0.0,0.0,0.0,0.0,0.0,0.0,0.0,0.0,0.0,0.0,0.0,1.2.643.5.1.13.13.12.2.77.8252.14140312010015010504081306061203
0.0,0.0,0.0,0.0,0.0,0.0,0.0,0.0,0.0,0.0,0.0,1.2.643.5.1.13.13.12.2.77.8252.03131510081105080011060404010511
0.0,0.0,0.0,0.0,0.0,0.0,0.0,0.0,0.0,0.0,0.0,1.2.643.5.1.13.13.12.2.77.8252.05060902130204131205041207051405
1.0,0.0001845444059976932,0.0001845444059976932,0.8,0.9729671280276817,0.8022300469483568,1.0,1.337741648225531,0.0,0.0001845444059976932,0.0,1.2.643.5.1.13.13.12.2.77.8252.01100509051301061200120505020711
0.0,0.0,0.0,0.0,0.0,0.0,0.0,0.0,0.0,0.0,0.0,1.2.643.5.1.13.13.12.2.77.8252.04081012050615111107130109120010
0.0,0.0,0.0,0.0,0.0,0.0,0.0,0.0,0.0,0.0,0.0,1.2.643.5.1.13.13.12.2.77.8252.02081511091502140105000012140914
0.0,0.0,0.0,0.0,0.0,0.0,0.0,0.0,0.0,0.0,0.0,1.2.643.5.1.13.13.12.2.77.8252.14021109030605071205090308080911
0.0,0.0,0.0,0.0,0.0,0.0,0.0,0.0,0.0,0.0,0.0,1.2.643.5.1.13.13.12.2.77.8252.01100715050305071000110707040014
0.0,0.0,0.0,0.0,0.0,0.0,0.0,0.0,0.0,0.0,0.0,1.2.643.5.1.13.13.12.2.77.8252.03000804151513141409051310151514
0.0,0.0,0.0,0.0,0.0,0.0,0.0,0.0,0.0,0.0,0.0,1.2.643.5.1.13.13.12.2.77.8252.07040802010906150312000007110303
0.0,0.0,0.0,0.0,0.0,0.0,0.0,0.0,0.0,0.0,0.0,1.2.643.5.1.13.13.12.2.77.8252.09091111090903031309150614110215
0.0,0.0,0.0,0.0,0.0,0.0,0.0,0.0,0.0,0.0,0.0,1.2.643.5.1.13.13.12.2.77.8252.06130104100900080002100912090901
3.0,0.003071705426356589,0.002180232558139535,0.7222222222222222,0.09147286821705414,0.8607929246541162,0.583596214511041,5.625751651097497,2.0,0.0006395348837209302,0.002432170542635659,1.2.643.5.1.13.13.12.2.77.8252.07051313070907070603030815070904
0.0,0.0,0.0,0.0,0.0,0.0,0.0,0.0,0.0,0.0,0.0,1.2.643.5.1.13.13.12.2.77.8252.07071507091013150605060411110414
0.0,0.0,0.0,0.0,0.0,0.0,0.0,0.0,0.0,0.0,0.0,1.2.643.5.1.13.13.12.2.77.8252.06120514140811101106020900110711
0.0,0.0,0.0,0.0,0.0,0.0,0.0,0.0,0.0,0.0,0.0,1.2.643.5.1.13.13.12.2.77.8252.12020806150405080200131300151004
0.0,0.0,0.0,0.0,0.0,0.0,0.0,0.0,0.0,0.0,0.0,1.2.643.5.1.13.13.12.2.77.8252.09091502110711081102050610090100
0.0,0.0,0.0,0.0,0.0,0.0,0.0,0.0,0.0,0.0,0.0,1.2.643.5.1.13.13.12.2.77.8252.09130714090405151215050914040809
2.0,0.0012302839116719244,0.0009253417455310199,0.8380952380952381,0.9916833954688844,0.8928642439529886,1.0,2.324582894971043,0.0,0.0012302839116719244,0.0,1.2.643.5.1.13.13.12.2.77.8252.07090311111312140315080706100515
0.0,0.0,0.0,0.0,0.0,0.0,0.0,0.0,0.0,0.0,0.0,1.2.643.5.1.13.13.12.2.77.8252.14151108130201081305130506031009
0.0,0.0,0.0,0.0,0.0,0.0,0.0,0.0,0.0,0.0,0.0,1.2.643.5.1.13.13.12.2.77.8252.05051104100602100505120514140315
0.0,0.0,0.0,0.0,0.0,0.0,0.0,0.0,0.0,0.0,0.0,1.2.643.5.1.13.13.12.2.77.8252.10040508121311001415130412050515
0.0,0.0,0.0,0.0,0.0,0.0,0.0,0.0,0.0,0.0,0.0,1.2.643.5.1.13.13.12.2.77.8252.05051100060005040907000403081502
0.0,0.0,0.0,0.0,0.0,0.0,0.0,0.0,0.0,0.0,0.0,1.2.643.5.1.13.13.12.2.77.8252.12101514000107101207120412120213
0.0,0.0,0.0,0.0,0.0,0.0,0.0,0.0,0.0,0.0,0.0,1.2.643.5.1.13.13.12.2.77.8252.15011410150513090204040606151204
0.0,0.0,0.0,0.0,0.0,0.0,0.0,0.0,0.0,0.0,0.0,1.2.643.5.1.13.13.12.2.77.8252.04150901080711131310091006050208
0.0,0.0,0.0,0.0,0.0,0.0,0.0,0.0,0.0,0.0,0.0,1.2.643.5.1.13.13.12.2.77.8252.14100604010411121207140303140506
0.0,0.0,0.0,0.0,0.0,0.0,0.0,0.0,0.0,0.0,0.0,1.2.643.5.1.13.13.12.2.77.8252.09040703010601060814101313081104
0.0,0.0,0.0,0.0,0.0,0.0,0.0,0.0,0.0,0.0,0.0,1.2.643.5.1.13.13.12.2.77.8252.08140602091513140007031414030212
0.0,0.0,0.0,0.0,0.0,0.0,0.0,0.0,0.0,0.0,0.0,1.2.643.5.1.13.13.12.2.77.8252.03110108081008000413081502071511
0.0,0.0,0.0,0.0,0.0,0.0,0.0,0.0,0.0,0.0,0.0,1.2.643.5.1.13.13.12.2.77.8252.11050703151212091005010115120315
0.0,0.0,0.0,0.0,0.0,0.0,0.0,0.0,0.0,0.0,0.0,1.2.643.5.1.13.13.12.2.77.8252.03050413050004110015050414021412
0.0,0.0,0.0,0.0,0.0,0.0,0.0,0.0,0.0,0.0,0.0,1.2.643.5.1.13.13.12.2.77.8252.02030112081401101404040904010405
0.0,0.0,0.0,0.0,0.0,0.0,0.0,0.0,0.0,0.0,0.0,1.2.643.5.1.13.13.12.2.77.8252.00071210060602011311010906021407
0.0,0.0,0.0,0.0,0.0,0.0,0.0,0.0,0.0,0.0,0.0,1.2.643.5.1.13.13.12.2.77.8252.05080909100510090906081209130901
0.0,0.0,0.0,0.0,0.0,0.0,0.0,0.0,0.0,0.0,0.0,1.2.643.5.1.13.13.12.2.77.8252.01120104060301100213100004141203
0.0,0.0,0.0,0.0,0.0,0.0,0.0,0.0,0.0,0.0,0.0,1.2.643.5.1.13.13.12.2.77.8252.02080910050503150405130310031107
0.0,0.0,0.0,0.0,0.0,0.0,0.0,0.0,0.0,0.0,0.0,1.2.643.5.1.13.13.12.2.77.8252.14100208080000030010140812001111
0.0,0.0,0.0,0.0,0.0,0.0,0.0,0.0,0.0,0.0,0.0,1.2.643.5.1.13.13.12.2.77.8252.05130006080703150808130311150104
0.0,0.0,0.0,0.0,0.0,0.0,0.0,0.0,0.0,0.0,0.0,1.2.643.5.1.13.13.12.2.77.8252.03030806061309020808141008071213
0.0,0.0,0.0,0.0,0.0,0.0,0.0,0.0,0.0,0.0,0.0,1.2.643.5.1.13.13.12.2.77.8252.06020510071406141308051102110806
0.0,0.0,0.0,0.0,0.0,0.0,0.0,0.0,0.0,0.0,0.0,1.2.643.5.1.13.13.12.2.77.8252.03020203090713120707041512070302
0.0,0.0,0.0,0.0,0.0,0.0,0.0,0.0,0.0,0.0,0.0,1.2.643.5.1.13.13.12.2.77.8252.05050004021105041108010100020012
0.0,0.0,0.0,0.0,0.0,0.0,0.0,0.0,0.0,0.0,0.0,1.2.643.5.1.13.13.12.2.77.8252.09020303070910070711011409031209
0.0,0.0,0.0,0.0,0.0,0.0,0.0,0.0,0.0,0.0,0.0,1.2.643.5.1.13.13.12.2.77.8252.04101314021103041302071314011203
0.0,0.0,0.0,0.0,0.0,0.0,0.0,0.0,0.0,0.0,0.0,1.2.643.5.1.13.13.12.2.77.8252.09031014151115011007041507060209
0.0,0.0,0.0,0.0,0.0,0.0,0.0,0.0,0.0,0.0,0.0,1.2.643.5.1.13.13.12.2.77.8252.08150001020008051511060800070004
0.0,0.0,0.0,0.0,0.0,0.0,0.0,0.0,0.0,0.0,0.0,1.2.643.5.1.13.13.12.2.77.8252.01130115100005150714080303151110
0.0,0.0,0.0,0.0,0.0,0.0,0.0,0.0,0.0,0.0,0.0,1.2.643.5.1.13.13.12.2.77.8252.05090510080809140209120604081002
2.0,0.0019298245614035089,0.0010760233918128655,0.6517857142857143,0.02927180966113918,0.8810237640230526,0.11515151515151516,2.553659580144824,0.0,0.0010760233918128655,0.0008538011695906432,1.2.643.5.1.13.13.12.2.77.8252.03020907090204060013031106111312
0.0,0.0,0.0,0.0,0.0,0.0,0.0,0.0,0.0,0.0,0.0,1.2.643.5.1.13.13.12.2.77.8252.08131412000401011215150704040610
0.0,0.0,0.0,0.0,0.0,0.0,0.0,0.0,0.0,0.0,0.0,1.2.643.5.1.13.13.12.2.77.8252.15151313120000020410110702050700
0.0,0.0,0.0,0.0,0.0,0.0,0.0,0.0,0.0,0.0,0.0,1.2.643.5.1.13.13.12.2.77.8252.05030907080814020708000711150507
1.0,0.004302191464821223,0.004302191464821223,0.6279461279461279,0.037208827703924974,0.9297318131956336,1.0,1.6270941833421209,0.0,0.004302191464821223,0.0,1.2.643.5.1.13.13.12.2.77.8252.01091510011014070612050311031410
0.0,0.0,0.0,0.0,0.0,0.0,0.0,0.0,0.0,0.0,0.0,1.2.643.5.1.13.13.12.2.77.8252.04070212140009090002060410031413
0.0,0.0,0.0,0.0,0.0,0.0,0.0,0.0,0.0,0.0,0.0,1.2.643.5.1.13.13.12.2.77.8252.10100404000008120405081411021306
1.0,0.0017924528301886792,0.0017924528301886792,0.6785714285714286,0.028062819522601146,0.8373553680020128,1.0,1.997696681924754,0.0,0.0017924528301886792,0.0,1.2.643.5.1.13.13.12.2.77.8252.13001014110608151112110112061114
0.0,0.0,0.0,0.0,0.0,0.0,0.0,0.0,0.0,0.0,0.0,1.2.643.5.1.13.13.12.2.77.8252.14100508051012080011140911030615
0.0,0.0,0.0,0.0,0.0,0.0,0.0,0.0,0.0,0.0,0.0,1.2.643.5.1.13.13.12.2.77.8252.06070803110509120507010310141201
0.0,0.0,0.0,0.0,0.0,0.0,0.0,0.0,0.0,0.0,0.0,1.2.643.5.1.13.13.12.2.77.8252.14060403060314010506081209070311
0.0,0.0,0.0,0.0,0.0,0.0,0.0,0.0,0.0,0.0,0.0,1.2.643.5.1.13.13.12.2.77.8252.10000603030913050503020611051415
0.0,0.0,0.0,0.0,0.0,0.0,0.0,0.0,0.0,0.0,0.0,1.2.643.5.1.13.13.12.2.77.8252.12071204070300150506091512141413
0.0,0.0,0.0,0.0,0.0,0.0,0.0,0.0,0.0,0.0,0.0,1.2.643.5.1.13.13.12.2.77.8252.15100208060002090813060606131404
0.0,0.0,0.0,0.0,0.0,0.0,0.0,0.0,0.0,0.0,0.0,1.2.643.5.1.13.13.12.2.77.8252.13151105000600070510031109011109
0.0,0.0,0.0,0.0,0.0,0.0,0.0,0.0,0.0,0.0,0.0,1.2.643.5.1.13.13.12.2.77.8252.03050114141207061001080502130215
0.0,0.0,0.0,0.0,0.0,0.0,0.0,0.0,0.0,0.0,0.0,1.2.643.5.1.13.13.12.2.77.8252.11051514070611150905020505061111
0.0,0.0,0.0,0.0,0.0,0.0,0.0,0.0,0.0,0.0,0.0,1.2.643.5.1.13.13.12.2.77.8252.04041511061006011303010701020104
0.0,0.0,0.0,0.0,0.0,0.0,0.0,0.0,0.0,0.0,0.0,1.2.643.5.1.13.13.12.2.77.8252.04150214121314031409051312111410
0.0,0.0,0.0,0.0,0.0,0.0,0.0,0.0,0.0,0.0,0.0,1.2.643.5.1.13.13.12.2.77.8252.01001108050505090405071008120805
1.0,0.0003668763102725367,0.0003668763102725367,0.6481481481481481,0.014824797843665749,0.8264892825230896,1.0,2.1794511029222488,0.0,0.0003668763102725367,0.0,1.2.643.5.1.13.13.12.2.77.8252.03031110041309110901030612131412
3.0,0.001409043112513144,0.0007150368033648791,0.9285714285714286,0.026999443310447235,0.8170305943384962,0.6119402985074627,4.417623312268586,1.0,0.0002733964248159832,0.0011356466876971609,1.2.643.5.1.13.13.12.2.77.8252.14110604050810020100071004090404
0.0,0.0,0.0,0.0,0.0,0.0,0.0,0.0,0.0,0.0,0.0,1.2.643.5.1.13.13.12.2.77.8252.03001212011504090610110601060006
0.0,0.0,0.0,0.0,0.0,0.0,0.0,0.0,0.0,0.0,0.0,1.2.643.5.1.13.13.12.2.77.8252.13100414021307020008020611130410
2.0,0.00758149316508938,0.004258675078864353,0.7336956521739131,0.03805454618056947,0.8319326494841298,0.12343966712898752,2.1506565312611965,0.0,0.004258675078864353,0.003322818086225026,1.2.643.5.1.13.13.12.2.77.8252.08141015091400020302110912090508
0.0,0.0,0.0,0.0,0.0,0.0,0.0,0.0,0.0,0.0,0.0,1.2.643.5.1.13.13.12.2.77.8252.04151306060901060605121400081206
0.0,0.0,0.0,0.0,0.0,0.0,0.0,0.0,0.0,0.0,0.0,1.2.643.5.1.13.13.12.2.77.8252.11141409010404080202090702050104
0.0,0.0,0.0,0.0,0.0,0.0,0.0,0.0,0.0,0.0,0.0,1.2.643.5.1.13.13.12.2.77.8252.02150805140008141106110606070801
0.0,0.0,0.0,0.0,0.0,0.0,0.0,0.0,0.0,0.0,0.0,1.2.643.5.1.13.13.12.2.77.8252.01110601131107041511021510061211
1.0,0.0021058201058201057,0.0021058201058201057,0.5922619047619048,0.03582994336763179,0.8745254449969296,1.0,3.013529741711353,1.0,0.0021058201058201057,0.0,1.2.643.5.1.13.13.12.2.77.8252.07140512060315100814061103061308
0.0,0.0,0.0,0.0,0.0,0.0,0.0,0.0,0.0,0.0,0.0,1.2.643.5.1.13.13.12.2.77.8252.00091315091215060415120908060402
2.0,0.0003773584905660377,0.000220125786163522,0.9375,0.9959568733153639,0.8305433500180686,1.0,1.5829799023106177,0.0,0.0003773584905660377,0.0,1.2.643.5.1.13.13.12.2.77.8252.11100109131006120600020910050910
0.0,0.0,0.0,0.0,0.0,0.0,0.0,0.0,0.0,0.0,0.0,1.2.643.5.1.13.13.12.2.77.8252.03000010070307110614031003090302
0.0,0.0,0.0,0.0,0.0,0.0,0.0,0.0,0.0,0.0,0.0,1.2.643.5.1.13.13.12.2.77.8252.13070805121401080100090313021511
0.0,0.0,0.0,0.0,0.0,0.0,0.0,0.0,0.0,0.0,0.0,1.2.643.5.1.13.13.12.2.77.8252.04000404020304020301120408100801
1.0,0.008402641878669275,0.008402641878669275,0.5180995475113123,0.7019401407748599,0.9554496864219765,1.0,1.8110009563665002,0.0,0.008402641878669275,0.0,1.2.643.5.1.13.13.12.2.77.8252.10101410111513000809081215030802
1.0,0.002577319587628866,0.002577319587628866,0.7401315789473685,0.02730813287514311,0.8459790832793231,1.0,1.2666894975086243,0.0,0.0,0.002577319587628866,1.2.643.5.1.13.13.12.2.77.8252.05011012001311141515001115080104
0.0,0.0,0.0,0.0,0.0,0.0,0.0,0.0,0.0,0.0,0.0,1.2.643.5.1.13.13.12.2.77.8252.02120211101306000510080011031411
0.0,0.0,0.0,0.0,0.0,0.0,0.0,0.0,0.0,0.0,0.0,1.2.643.5.1.13.13.12.2.77.8252.00070615051510041500030210150312
0.0,0.0,0.0,0.0,0.0,0.0,0.0,0.0,0.0,0.0,0.0,1.2.643.5.1.13.13.12.2.77.8252.04131001000110131311121304090609
0.0,0.0,0.0,0.0,0.0,0.0,0.0,0.0,0.0,0.0,0.0,1.2.643.5.1.13.13.12.2.77.8252.01120903030308120114061013030505
0.0,0.0,0.0,0.0,0.0,0.0,0.0,0.0,0.0,0.0,0.0,1.2.643.5.1.13.13.12.2.77.8252.15101108070415081206070914081510
0.0,0.0,0.0,0.0,0.0,0.0,0.0,0.0,0.0,0.0,0.0,1.2.643.5.1.13.13.12.2.77.8252.03010603150012061509030005111300
0.0,0.0,0.0,0.0,0.0,0.0,0.0,0.0,0.0,0.0,0.0,1.2.643.5.1.13.13.12.2.77.8252.09031307051100020212010511060414
0.0,0.0,0.0,0.0,0.0,0.0,0.0,0.0,0.0,0.0,0.0,1.2.643.5.1.13.13.12.2.77.8252.02051208030605070510050510081213
0.0,0.0,0.0,0.0,0.0,0.0,0.0,0.0,0.0,0.0,0.0,1.2.643.5.1.13.13.12.2.77.8252.09061112071413071402070608030006
6.0,0.0020634920634920637,0.000783068783068783,1.0,0.9822822822822823,0.9070449898776398,0.4461538461538462,5.770290547952011,6.0,0.0005714285714285715,0.001492063492063492,1.2.643.5.1.13.13.12.2.77.8252.06030210110500061108030910090908
0.0,0.0,0.0,0.0,0.0,0.0,0.0,0.0,0.0,0.0,0.0,1.2.643.5.1.13.13.12.2.77.8252.06051510010614000404080600020603
0.0,0.0,0.0,0.0,0.0,0.0,0.0,0.0,0.0,0.0,0.0,1.2.643.5.1.13.13.12.2.77.8252.13110800060502010303101404091303
1.0,0.0002944269190325973,0.0002944269190325973,0.7,0.011942316358720118,0.7879169480916162,1.0,2.080264358660802,0.0,0.0,0.0002944269190325973,1.2.643.5.1.13.13.12.2.77.8252.02001209000515050108060411111311
0.0,0.0,0.0,0.0,0.0,0.0,0.0,0.0,0.0,0.0,0.0,1.2.643.5.1.13.13.12.2.77.8252.12031014110715041000030602140501
0.0,0.0,0.0,0.0,0.0,0.0,0.0,0.0,0.0,0.0,0.0,1.2.643.5.1.13.13.12.2.77.8252.12130902030702050210110604020115
0.0,0.0,0.0,0.0,0.0,0.0,0.0,0.0,0.0,0.0,0.0,1.2.643.5.1.13.13.12.2.77.8252.11081308031311040302130506061304
0.0,0.0,0.0,0.0,0.0,0.0,0.0,0.0,0.0,0.0,0.0,1.2.643.5.1.13.13.12.2.77.8252.01011201030601080312040805131303
0.0,0.0,0.0,0.0,0.0,0.0,0.0,0.0,0.0,0.0,0.0,1.2.643.5.1.13.13.12.2.77.8252.06030606140315081407041104141012
0.0,0.0,0.0,0.0,0.0,0.0,0.0,0.0,0.0,0.0,0.0,1.2.643.5.1.13.13.12.2.77.8252.15091411140404110408151008030010
0.0,0.0,0.0,0.0,0.0,0.0,0.0,0.0,0.0,0.0,0.0,1.2.643.5.1.13.13.12.2.77.8252.13000009090006001202001212051006
0.0,0.0,0.0,0.0,0.0,0.0,0.0,0.0,0.0,0.0,0.0,1.2.643.5.1.13.13.12.2.77.8252.12100615051100140712150704150801
0.0,0.0,0.0,0.0,0.0,0.0,0.0,0.0,0.0,0.0,0.0,1.2.643.5.1.13.13.12.2.77.8252.01080011050715071510151108031409
0.0,0.0,0.0,0.0,0.0,0.0,0.0,0.0,0.0,0.0,0.0,1.2.643.5.1.13.13.12.2.77.8252.07090609050707040704081509101500
0.0,0.0,0.0,0.0,0.0,0.0,0.0,0.0,0.0,0.0,0.0,1.2.643.5.1.13.13.12.2.77.8252.05010011080903070300131415001403
0.0,0.0,0.0,0.0,0.0,0.0,0.0,0.0,0.0,0.0,0.0,1.2.643.5.1.13.13.12.2.77.8252.11140100091110050501140207060912
0.0,0.0,0.0,0.0,0.0,0.0,0.0,0.0,0.0,0.0,0.0,1.2.643.5.1.13.13.12.2.77.8252.15080906090913051107110915140103
0.0,0.0,0.0,0.0,0.0,0.0,0.0,0.0,0.0,0.0,0.0,1.2.643.5.1.13.13.12.2.77.8252.02060612071110031306070811070605
0.0,0.0,0.0,0.0,0.0,0.0,0.0,0.0,0.0,0.0,0.0,1.2.643.5.1.13.13.12.2.77.8252.02141512030209141106060309030501
0.0,0.0,0.0,0.0,0.0,0.0,0.0,0.0,0.0,0.0,0.0,1.2.643.5.1.13.13.12.2.77.8252.12021011000615031102060001101203
0.0,0.0,0.0,0.0,0.0,0.0,0.0,0.0,0.0,0.0,0.0,1.2.643.5.1.13.13.12.2.77.8252.12090901030412121214030908040015
0.0,0.0,0.0,0.0,0.0,0.0,0.0,0.0,0.0,0.0,0.0,1.2.643.5.1.13.13.12.2.77.8252.09040806151211060704090912150608
1.0,0.0004685835995740149,0.0004685835995740149,0.676923076923077,0.04944815567818772,0.7866666666666666,1.0,3.3297186039521356,1.0,0.0,0.0004685835995740149,1.2.643.5.1.13.13.12.2.77.8252.05140704131104071313121101000313
2.0,0.000649895178197065,0.0004088050314465409,0.65,0.9935494275116916,0.8537219211393516,1.0,3.4410772363248623,1.0,0.000649895178197065,0.0,1.2.643.5.1.13.13.12.2.77.8252.10011315050807060809100706050011
0.0,0.0,0.0,0.0,0.0,0.0,0.0,0.0,0.0,0.0,0.0,1.2.643.5.1.13.13.12.2.77.8252.04030803131507080109070101120910
0.0,0.0,0.0,0.0,0.0,0.0,0.0,0.0,0.0,0.0,0.0,1.2.643.5.1.13.13.12.2.77.8252.09020610121102091006070609000414
0.0,0.0,0.0,0.0,0.0,0.0,0.0,0.0,0.0,0.0,0.0,1.2.643.5.1.13.13.12.2.77.8252.03121103130007121510030803050514
0.0,0.0,0.0,0.0,0.0,0.0,0.0,0.0,0.0,0.0,0.0,1.2.643.5.1.13.13.12.2.77.8252.09030700121011131209150303151015
0.0,0.0,0.0,0.0,0.0,0.0,0.0,0.0,0.0,0.0,0.0,1.2.643.5.1.13.13.12.2.77.8252.07070904150315000704031208001011
0.0,0.0,0.0,0.0,0.0,0.0,0.0,0.0,0.0,0.0,0.0,1.2.643.5.1.13.13.12.2.77.8252.02120204101515130306021007150210
0.0,0.0,0.0,0.0,0.0,0.0,0.0,0.0,0.0,0.0,0.0,1.2.643.5.1.13.13.12.2.77.8252.02000306061002040514101500000812
0.0,0.0,0.0,0.0,0.0,0.0,0.0,0.0,0.0,0.0,0.0,1.2.643.5.1.13.13.12.2.77.8252.01130904120915050401031210031001
1.0,0.0004238258877434135,0.0004238258877434135,0.6851851851851852,0.014395839138107047,0.8317349341607863,1.0,1.810654935745104,0.0,0.0004238258877434135,0.0,1.2.643.5.1.13.13.12.2.77.8252.06061007030610120805010913100711
0.0,0.0,0.0,0.0,0.0,0.0,0.0,0.0,0.0,0.0,0.0,1.2.643.5.1.13.13.12.2.77.8252.13110108131113110013070512051310
0.0,0.0,0.0,0.0,0.0,0.0,0.0,0.0,0.0,0.0,0.0,1.2.643.5.1.13.13.12.2.77.8252.04091012040015061107090014081504
0.0,0.0,0.0,0.0,0.0,0.0,0.0,0.0,0.0,0.0,0.0,1.2.643.5.1.13.13.12.2.77.8252.02060903061507111201080601150903
0.0,0.0,0.0,0.0,0.0,0.0,0.0,0.0,0.0,0.0,0.0,1.2.643.5.1.13.13.12.2.77.8252.02080414020805070003121215081311
0.0,0.0,0.0,0.0,0.0,0.0,0.0,0.0,0.0,0.0,0.0,1.2.643.5.1.13.13.12.2.77.8252.12111312010203070900101115051015
0.0,0.0,0.0,0.0,0.0,0.0,0.0,0.0,0.0,0.0,0.0,1.2.643.5.1.13.13.12.2.77.8252.14120712151005010200040708001308
0.0,0.0,0.0,0.0,0.0,0.0,0.0,0.0,0.0,0.0,0.0,1.2.643.5.1.13.13.12.2.77.8252.05030701101012140702110704000714
0.0,0.0,0.0,0.0,0.0,0.0,0.0,0.0,0.0,0.0,0.0,1.2.643.5.1.13.13.12.2.77.8252.05001409080504151204111500000514
0.0,0.0,0.0,0.0,0.0,0.0,0.0,0.0,0.0,0.0,0.0,1.2.643.5.1.13.13.12.2.77.8252.08110803070615141513021414111001
0.0,0.0,0.0,0.0,0.0,0.0,0.0,0.0,0.0,0.0,0.0,1.2.643.5.1.13.13.12.2.77.8252.12090208061115110101131315120813
1.0,0.003637316561844864,0.003637316561844864,0.6286231884057971,0.030875609446649688,0.8849951850043403,1.0,1.2427028354886158,0.0,0.003637316561844864,0.0,1.2.643.5.1.13.13.12.2.77.8252.15141302131508150312140605060212
0.0,0.0,0.0,0.0,0.0,0.0,0.0,0.0,0.0,0.0,0.0,1.2.643.5.1.13.13.12.2.77.8252.00030605020706130003080307080701
0.0,0.0,0.0,0.0,0.0,0.0,0.0,0.0,0.0,0.0,0.0,1.2.643.5.1.13.13.12.2.77.8252.07150610130411050211021514011106
0.0,0.0,0.0,0.0,0.0,0.0,0.0,0.0,0.0,0.0,0.0,1.2.643.5.1.13.13.12.2.77.8252.02031401091510001200041308031003
0.0,0.0,0.0,0.0,0.0,0.0,0.0,0.0,0.0,0.0,0.0,1.2.643.5.1.13.13.12.2.77.8252.03010404051000131408111209140108
0.0,0.0,0.0,0.0,0.0,0.0,0.0,0.0,0.0,0.0,0.0,1.2.643.5.1.13.13.12.2.77.8252.06080100090802110008000311010501
1.0,0.00024338624338624337,0.00024338624338624337,0.92,0.12643202208419602,1.033460203953053,1.0,1.0083858910472507,0.0,0.0,0.00024338624338624337,1.2.643.5.1.13.13.12.2.77.8252.07120809010109050202061111011110
0.0,0.0,0.0,0.0,0.0,0.0,0.0,0.0,0.0,0.0,0.0,1.2.643.5.1.13.13.12.2.77.8252.02030504060005060505040905021305
0.0,0.0,0.0,0.0,0.0,0.0,0.0,0.0,0.0,0.0,0.0,1.2.643.5.1.13.13.12.2.77.8252.06001210040802120801060507001509
0.0,0.0,0.0,0.0,0.0,0.0,0.0,0.0,0.0,0.0,0.0,1.2.643.5.1.13.13.12.2.77.8252.07081506021006111207090213090701
0.0,0.0,0.0,0.0,0.0,0.0,0.0,0.0,0.0,0.0,0.0,1.2.643.5.1.13.13.12.2.77.8252.02060605151213121009151302130207
0.0,0.0,0.0,0.0,0.0,0.0,0.0,0.0,0.0,0.0,0.0,1.2.643.5.1.13.13.12.2.77.8252.07101010011513020401030213080905
1.0,0.0012368972746331238,0.0012368972746331238,0.5462962962962963,0.013831148065238219,0.8821908734702124,1.0,1.9964568680133354,0.0,0.0012368972746331238,0.0,1.2.643.5.1.13.13.12.2.77.8252.05111111030105140803060510040613
0.0,0.0,0.0,0.0,0.0,0.0,0.0,0.0,0.0,0.0,0.0,1.2.643.5.1.13.13.12.2.77.8252.10000615050107010300151404090301
0.0,0.0,0.0,0.0,0.0,0.0,0.0,0.0,0.0,0.0,0.0,1.2.643.5.1.13.13.12.2.77.8252.11130315030911081202140406010814
1.0,0.0003249475890985325,0.0003249475890985325,0.6888888888888889,0.012882937715561038,0.8375204059934835,1.0,2.1033565714826366,0.0,0.0,0.0003249475890985325,1.2.643.5.1.13.13.12.2.77.8252.01011407000709010910090115010000
0.0,0.0,0.0,0.0,0.0,0.0,0.0,0.0,0.0,0.0,0.0,1.2.643.5.1.13.13.12.2.77.8252.02091011000006010704070004091411
0.0,0.0,0.0,0.0,0.0,0.0,0.0,0.0,0.0,0.0,0.0,1.2.643.5.1.13.13.12.2.77.8252.13130501101110040009090201091209
0.0,0.0,0.0,0.0,0.0,0.0,0.0,0.0,0.0,0.0,0.0,1.2.643.5.1.13.13.12.2.77.8252.03041015000108071402071509131313
0.0,0.0,0.0,0.0,0.0,0.0,0.0,0.0,0.0,0.0,0.0,1.2.643.5.1.13.13.12.2.77.8252.00031305050707070014000611130907
0.0,0.0,0.0,0.0,0.0,0.0,0.0,0.0,0.0,0.0,0.0,1.2.643.5.1.13.13.12.2.77.8252.09110310111109140609041514031010
2.0,0.002872117400419287,0.0023165618448637315,0.6883116883116883,0.03658328353111917,0.8792144126080452,1.0,2.8663358948072064,0.0,0.002872117400419287,0.0,1.2.643.5.1.13.13.12.2.77.8252.06151311061015011100110511080701
0.0,0.0,0.0,0.0,0.0,0.0,0.0,0.0,0.0,0.0,0.0,1.2.643.5.1.13.13.12.2.77.8252.02050808061207030811150709091509
0.0,0.0,0.0,0.0,0.0,0.0,0.0,0.0,0.0,0.0,0.0,1.2.643.5.1.13.13.12.2.77.8252.14130302090906050506100315000611
5.0,0.011278825995807129,0.005230607966457023,0.6666666666666666,0.07432244702078761,0.9905371559040429,0.03345724907063197,6.829168718203103,4.0,0.005828092243186583,0.005450733752620545,1.2.643.5.1.13.13.12.2.77.8252.11011500050713141305050211140308
0.0,0.0,0.0,0.0,0.0,0.0,0.0,0.0,0.0,0.0,0.0,1.2.643.5.1.13.13.12.2.77.8252.05120913001500151408091003040415
0.0,0.0,0.0,0.0,0.0,0.0,0.0,0.0,0.0,0.0,0.0,1.2.643.5.1.13.13.12.2.77.8252.07150713040501120002001009141410
0.0,0.0,0.0,0.0,0.0,0.0,0.0,0.0,0.0,0.0,0.0,1.2.643.5.1.13.13.12.2.77.8252.14111212050609060202121515040103
0.0,0.0,0.0,0.0,0.0,0.0,0.0,0.0,0.0,0.0,0.0,1.2.643.5.1.13.13.12.2.77.8252.06060810060308150905140912050013
0.0,0.0,0.0,0.0,0.0,0.0,0.0,0.0,0.0,0.0,0.0,1.2.643.5.1.13.13.12.2.77.8252.13130903011502030304101506090814
0.0,0.0,0.0,0.0,0.0,0.0,0.0,0.0,0.0,0.0,0.0,1.2.643.5.1.13.13.12.2.77.8252.10041006131411151513070104110809
0.0,0.0,0.0,0.0,0.0,0.0,0.0,0.0,0.0,0.0,0.0,1.2.643.5.1.13.13.12.2.77.8252.04050904100201141507070306131511
0.0,0.0,0.0,0.0,0.0,0.0,0.0,0.0,0.0,0.0,0.0,1.2.643.5.1.13.13.12.2.77.8252.15101115041306031303150405131115
1.0,0.0008194716242661449,0.0008194716242661449,0.8375,0.43799836434267025,0.9824926320007582,1.0,1.2183774142544794,0.0,0.0,0.0008194716242661449,1.2.643.5.1.13.13.12.2.77.8252.06111209081313111015020309051508
0.0,0.0,0.0,0.0,0.0,0.0,0.0,0.0,0.0,0.0,0.0,1.2.643.5.1.13.13.12.2.77.8252.04000607141411061507120106050309
0.0,0.0,0.0,0.0,0.0,0.0,0.0,0.0,0.0,0.0,0.0,1.2.643.5.1.13.13.12.2.77.8252.04141409090807040100020211061514
0.0,0.0,0.0,0.0,0.0,0.0,0.0,0.0,0.0,0.0,0.0,1.2.643.5.1.13.13.12.2.77.8252.07021003040810040809000711080701
0.0,0.0,0.0,0.0,0.0,0.0,0.0,0.0,0.0,0.0,0.0,1.2.643.5.1.13.13.12.2.77.8252.02120204101515130306021007150210:rot+4.0
0.0,0.0,0.0,0.0,0.0,0.0,0.0,0.0,0.0,0.0,0.0,1.2.643.5.1.13.13.12.2.77.8252.12071204070300150506091512141413:cut
0.0,0.0,0.0,0.0,0.0,0.0,0.0,0.0,0.0,0.0,0.0,1.2.643.5.1.13.13.12.2.77.8252.06050309100102041203101101110913:fov_top
0.0,0.0,0.0,0.0,0.0,0.0,0.0,0.0,0.0,0.0,0.0,1.2.643.5.1.13.13.12.2.77.8252.12071204070300150506091512141413:ctl+1.4
0.0,0.0,0.0,0.0,0.0,0.0,0.0,0.0,0.0,0.0,0.0,1.2.643.5.1.13.13.12.2.77.8252.15101115041306031303150405131115:ctl+1.3
0.0,0.0,0.0,0.0,0.0,0.0,0.0,0.0,0.0,0.0,0.0,1.2.643.5.1.13.13.12.2.77.8252.06020510071406141308051102110806:rot-7.7
0.0,0.0,0.0,0.0,0.0,0.0,0.0,0.0,0.0,0.0,0.0,1.2.643.5.1.13.13.12.2.77.8252.00121200081108110912041503010000:cut
0.0,0.0,0.0,0.0,0.0,0.0,0.0,0.0,0.0,0.0,0.0,1.2.643.5.1.13.13.12.2.77.8252.04030712110411040711120105080700:fov_right
0.0,0.0,0.0,0.0,0.0,0.0,0.0,0.0,0.0,0.0,0.0,1.2.643.5.1.13.13.12.2.77.8252.10051211011505050506141504040101:ctl+0.8
0.0,0.0,0.0,0.0,0.0,0.0,0.0,0.0,0.0,0.0,0.0,1.2.643.5.1.13.13.12.2.77.8252.15031208100010080909150509041308:ctl+1.3
0.0,0.0,0.0,0.0,0.0,0.0,0.0,0.0,0.0,0.0,0.0,1.2.643.5.1.13.13.12.2.77.8252.08120904010605130814050710080508:rot-2.4
0.0,0.0,0.0,0.0,0.0,0.0,0.0,0.0,0.0,0.0,0.0,1.2.643.5.1.13.13.12.2.77.8252.07151108041411120004040810151209:cut
0.0,0.0,0.0,0.0,0.0,0.0,0.0,0.0,0.0,0.0,0.0,1.2.643.5.1.13.13.12.2.77.8252.13011105091309080008130511041109:fov_top
0.0,0.0,0.0,0.0,0.0,0.0,0.0,0.0,0.0,0.0,0.0,1.2.643.5.1.13.13.12.2.77.8252.03050413050004110015050414021412:ctl+1.4
0.0,0.0,0.0,0.0,0.0,0.0,0.0,0.0,0.0,0.0,0.0,1.2.643.5.1.13.13.12.2.77.8252.02060612071110031306070811070605:ctl-2.0
0.0,0.0,0.0,0.0,0.0,0.0,0.0,0.0,0.0,0.0,0.0,1.2.643.5.1.13.13.12.2.77.8252.00080112010710030607090609070409:rot+1.2
0.0,0.0,0.0,0.0,0.0,0.0,0.0,0.0,0.0,0.0,0.0,1.2.643.5.1.13.13.12.2.77.8252.15001111061311011106030303001309:cut
0.0,0.0,0.0,0.0,0.0,0.0,0.0,0.0,0.0,0.0,0.0,1.2.643.5.1.13.13.12.2.77.8252.01130904120915050401031210031001:fov_left
1.0,0.0006414662084765178,0.0006414662084765178,0.7777777777777778,0.019207167403043734,0.8308823529411765,1.0,2.1990722282267092,0.0,0.0006414662084765178,0.0,1.2.643.5.1.13.13.12.2.77.8252.06061007030610120805010913100711:ctl-1.6
0.0,0.0,0.0,0.0,0.0,0.0,0.0,0.0,0.0,0.0,0.0,1.2.643.5.1.13.13.12.2.77.8252.02060903061507111201080601150903:ctl+1.0
0.0,0.0,0.0,0.0,0.0,0.0,0.0,0.0,0.0,0.0,0.0,1.2.643.5.1.13.13.12.2.77.8252.03150209000513130305020013101408:rot+5.6
0.0,0.0,0.0,0.0,0.0,0.0,0.0,0.0,0.0,0.0,0.0,1.2.643.5.1.13.13.12.2.77.8252.15011410150513090204040606151204:cut
0.0,0.0,0.0,0.0,0.0,0.0,0.0,0.0,0.0,0.0,0.0,1.2.643.5.1.13.13.12.2.77.8252.10000603030913050503020611051415:fov_bottom
0.0,0.0,0.0,0.0,0.0,0.0,0.0,0.0,0.0,0.0,0.0,1.2.643.5.1.13.13.12.2.77.8252.09070705131210061514041509120513:ctl-1.4
0.0,0.0,0.0,0.0,0.0,0.0,0.0,0.0,0.0,0.0,0.0,1.2.643.5.1.13.13.12.2.77.8252.04070212140009090002060410031413:ctl-1.1
0.0,0.0,0.0,0.0,0.0,0.0,0.0,0.0,0.0,0.0,0.0,1.2.643.5.1.13.13.12.2.77.8252.13090607110001000310151006050113:rot+1.9
0.0,0.0,0.0,0.0,0.0,0.0,0.0,0.0,0.0,0.0,0.0,1.2.643.5.1.13.13.12.2.77.8252.12111312010203070900101115051015:cut
0.0,0.0,0.0,0.0,0.0,0.0,0.0,0.0,0.0,0.0,0.0,1.2.643.5.1.13.13.12.2.77.8252.03081500040505121009070211080902:fov_top
0.0,0.0,0.0,0.0,0.0,0.0,0.0,0.0,0.0,0.0,0.0,1.2.643.5.1.13.13.12.2.77.8252.07080813110202150000000512100700:ctl+0.9
0.0,0.0,0.0,0.0,0.0,0.0,0.0,0.0,0.0,0.0,0.0,1.2.643.5.1.13.13.12.2.77.8252.12090115120005000603040515131409:ctl+0.6
4.0,0.001903259726603575,0.0008307045215562566,0.9428571428571428,0.03146587868865547,0.8176515767502682,0.30386740331491713,5.381268931691902,1.0,0.0006624605678233438,0.0012407991587802313,1.2.643.5.1.13.13.12.2.77.8252.14110604050810020100071004090404:rot-0.5
0.0,0.0,0.0,0.0,0.0,0.0,0.0,0.0,0.0,0.0,0.0,1.2.643.5.1.13.13.12.2.77.8252.12060607091105150404131215110908:cut
0.0,0.0,0.0,0.0,0.0,0.0,0.0,0.0,0.0,0.0,0.0,1.2.643.5.1.13.13.12.2.77.8252.12090208061115110101131315120813:fov_right
0.0,0.0,0.0,0.0,0.0,0.0,0.0,0.0,0.0,0.0,0.0,1.2.643.5.1.13.13.12.2.77.8252.10051211011505050506141504040101:ctl-1.1
0.0,0.0,0.0,0.0,0.0,0.0,0.0,0.0,0.0,0.0,0.0,1.2.643.5.1.13.13.12.2.77.8252.08061201060114131102110802141411:ctl-0.6
0.0,0.0,0.0,0.0,0.0,0.0,0.0,0.0,0.0,0.0,0.0,1.2.643.5.1.13.13.12.2.77.8252.14060403060314010506081209070311:rot-1.7
0.0,0.0,0.0,0.0,0.0,0.0,0.0,0.0,0.0,0.0,0.0,1.2.643.5.1.13.13.12.2.77.8252.14030405080503070005090010011210:cut
0.0,0.0,0.0,0.0,0.0,0.0,0.0,0.0,0.0,0.0,0.0,1.2.643.5.1.13.13.12.2.77.8252.12090208061115110101131315120813:fov_top
1.0,0.000220125786163522,0.000220125786163522,0.875,0.010631925726265479,0.8078817827948208,1.0,1.5051002810113374,0.0,0.0,0.000220125786163522,1.2.643.5.1.13.13.12.2.77.8252.14131410040814100713070401091213:ctl-0.7
0.0,0.0,0.0,0.0,0.0,0.0,0.0,0.0,0.0,0.0,0.0,1.2.643.5.1.13.13.12.2.77.8252.04111300031205120703050100121209:ctl+1.9
0.0,0.0,0.0,0.0,0.0,0.0,0.0,0.0,0.0,0.0,0.0,1.2.643.5.1.13.13.12.2.77.8252.03150209000513130305020013101408:rot+5.9
0.0,0.0,0.0,0.0,0.0,0.0,0.0,0.0,0.0,0.0,0.0,1.2.643.5.1.13.13.12.2.77.8252.07051313070907070603030815070904:cut
0.0,0.0,0.0,0.0,0.0,0.0,0.0,0.0,0.0,0.0,0.0,1.2.643.5.1.13.13.12.2.77.8252.03081500040505121009070211080902:fov_bottom
3.0,0.0013020833333333333,0.0008958333333333333,0.92,0.042187500000000044,0.8346951458905194,0.376,2.1074910296635316,0.0,0.00040625,0.0008958333333333333,1.2.643.5.1.13.13.12.2.77.8252.09030712140506070904071003000708:ctl+1.9
0.0,0.0,0.0,0.0,0.0,0.0,0.0,0.0,0.0,0.0,0.0,1.2.643.5.1.13.13.12.2.77.8252.07120303070106110214090814060908:ctl-1.6
0.0,0.0,0.0,0.0,0.0,0.0,0.0,0.0,0.0,0.0,0.0,1.2.643.5.1.13.13.12.2.77.8252.07080813110202150000000512100700:rot+6.4
0.0,0.0,0.0,0.0,0.0,0.0,0.0,0.0,0.0,0.0,0.0,1.2.643.5.1.13.13.12.2.77.8252.15011410150513090204040606151204:cut
0.0,0.0,0.0,0.0,0.0,0.0,0.0,0.0,0.0,0.0,0.0,1.2.643.5.1.13.13.12.2.77.8252.06050309100102041203101101110913:fov_bottom
0.0,0.0,0.0,0.0,0.0,0.0,0.0,0.0,0.0,0.0,0.0,1.2.643.5.1.13.13.12.2.77.8252.04131001000110131311121304090609:ctl+1.9
0.0,0.0,0.0,0.0,0.0,0.0,0.0,0.0,0.0,0.0,0.0,1.2.643.5.1.13.13.12.2.77.8252.06120903051105150112061201080014:ctl-1.6
0.0,0.0,0.0,0.0,0.0,0.0,0.0,0.0,0.0,0.0,0.0,1.2.643.5.1.13.13.12.2.77.8252.15001111061311011106030303001309:rot+6.4
0.0,0.0,0.0,0.0,0.0,0.0,0.0,0.0,0.0,0.0,0.0,1.2.643.5.1.13.13.12.2.77.8252.00121200081108110912041503010000:cut
0.0,0.0,0.0,0.0,0.0,0.0,0.0,0.0,0.0,0.0,0.0,1.2.643.5.1.13.13.12.2.77.8252.11120508121303130402081303070008:fov_right
0.0,0.0,0.0,0.0,0.0,0.0,0.0,0.0,0.0,0.0,0.0,1.2.643.5.1.13.13.12.2.77.8252.08001013010106001102020015031109:ctl+0.7
0.0,0.0,0.0,0.0,0.0,0.0,0.0,0.0,0.0,0.0,0.0,1.2.643.5.1.13.13.12.2.77.8252.06070803110509120507010310141201:ctl+1.8
0.0,0.0,0.0,0.0,0.0,0.0,0.0,0.0,0.0,0.0,0.0,1.2.643.5.1.13.13.12.2.77.8252.05060902130204131205041207051405:rot+4.2
0.0,0.0,0.0,0.0,0.0,0.0,0.0,0.0,0.0,0.0,0.0,1.2.643.5.1.13.13.12.2.77.8252.08001013010106001102020015031109:cut
0.0,0.0,0.0,0.0,0.0,0.0,0.0,0.0,0.0,0.0,0.0,1.2.643.5.1.13.13.12.2.77.8252.12090208061115110101131315120813:fov_right
0.0,0.0,0.0,0.0,0.0,0.0,0.0,0.0,0.0,0.0,0.0,1.2.643.5.1.13.13.12.2.77.8252.15001111061311011106030303001309:ctl-1.3
1.0,0.008708414872798434,0.008708414872798434,0.5071225071225072,0.7163979529013391,0.9494623012297143,1.0,1.859823841502,0.0,0.008708414872798434,0.0,1.2.643.5.1.13.13.12.2.77.8252.10101410111513000809081215030802:ctl-1.9
3.0,0.00818086225026288,0.00398527865404837,0.8098290598290598,0.1039777208201893,0.8319330717387953,0.3033419023136247,2.0806813804791795,0.0,0.002849631966351209,0.005331230283911672,1.2.643.5.1.13.13.12.2.77.8252.07130015011404020601141211131000:rot+5.1
0.0,0.0,0.0,0.0,0.0,0.0,0.0,0.0,0.0,0.0,0.0,1.2.643.5.1.13.13.12.2.77.8252.07150612000412081110110102150004:cut
0.0,0.0,0.0,0.0,0.0,0.0,0.0,0.0,0.0,0.0,0.0,1.2.643.5.1.13.13.12.2.77.8252.04070212140009090002060410031413:fov_top
0.0,0.0,0.0,0.0,0.0,0.0,0.0,0.0,0.0,0.0,0.0,1.2.643.5.1.13.13.12.2.77.8252.14070208080209001506081402060503:ctl-1.6
0.0,0.0,0.0,0.0,0.0,0.0,0.0,0.0,0.0,0.0,0.0,1.2.643.5.1.13.13.12.2.77.8252.10081312010805021201100507060411:ctl+1.9
0.0,0.0,0.0,0.0,0.0,0.0,0.0,0.0,0.0,0.0,0.0,1.2.643.5.1.13.13.12.2.77.8252.05100110120015150515030506140402:rot+7.3
0.0,0.0,0.0,0.0,0.0,0.0,0.0,0.0,0.0,0.0,0.0,1.2.643.5.1.13.13.12.2.77.8252.11011413051206050400150606100110:cut
0.0,0.0,0.0,0.0,0.0,0.0,0.0,0.0,0.0,0.0,0.0,1.2.643.5.1.13.13.12.2.77.8252.11050911061500091304001000100608:fov_bottom
1.0,0.00029782359679266895,0.00029782359679266895,0.7428571428571429,0.011895321173671647,0.8230072988104497,1.0,1.6262340146424088,0.0,0.00029782359679266895,0.0,1.2.643.5.1.13.13.12.2.77.8252.06061007030610120805010913100711:ctl+1.3
0.0,0.0,0.0,0.0,0.0,0.0,0.0,0.0,0.0,0.0,0.0,1.2.643.5.1.13.13.12.2.77.8252.02060612071110031306070811070605:ctl-0.9
0.0,0.0,0.0,0.0,0.0,0.0,0.0,0.0,0.0,0.0,0.0,1.2.643.5.1.13.13.12.2.77.8252.10031005061115110908060312000307:rot+5.1
0.0,0.0,0.0,0.0,0.0,0.0,0.0,0.0,0.0,0.0,0.0,1.2.643.5.1.13.13.12.2.77.8252.12111312010203070900101115051015:cut
0.0,0.0,0.0,0.0,0.0,0.0,0.0,0.0,0.0,0.0,0.0,1.2.643.5.1.13.13.12.2.77.8252.11100504100006050214040402081303:fov_bottom
0.0,0.0,0.0,0.0,0.0,0.0,0.0,0.0,0.0,0.0,0.0,1.2.643.5.1.13.13.12.2.77.8252.02120204101515130306021007150210:ctl+1.7
0.0,0.0,0.0,0.0,0.0,0.0,0.0,0.0,0.0,0.0,0.0,1.2.643.5.1.13.13.12.2.77.8252.01140903011212140408111315130511:ctl+0.9
2.0,0.002984496124031008,0.0022868217054263567,0.6050420168067226,0.09423449612403101,0.8601142551587976,0.5324675324675324,2.8749342402985785,0.0,0.0006976744186046512,0.0022868217054263567,1.2.643.5.1.13.13.12.2.77.8252.07051313070907070603030815070904:rot-7.5
0.0,0.0,0.0,0.0,0.0,0.0,0.0,0.0,0.0,0.0,0.0,1.2.643.5.1.13.13.12.2.77.8252.03150209000513130305020013101408:cut
0.0,0.0,0.0,0.0,0.0,0.0,0.0,0.0,0.0,0.0,0.0,1.2.643.5.1.13.13.12.2.77.8252.12130902030702050210110604020115:fov_right
0.0,0.0,0.0,0.0,0.0,0.0,0.0,0.0,0.0,0.0,0.0,1.2.643.5.1.13.13.12.2.77.8252.08120904010605130814050710080508:ctl+1.4
0.0,0.0,0.0,0.0,0.0,0.0,0.0,0.0,0.0,0.0,0.0,1.2.643.5.1.13.13.12.2.77.8252.06140010030611061314081200121305:ctl+0.7
0.0,0.0,0.0,0.0,0.0,0.0,0.0,0.0,0.0,0.0,0.0,1.2.643.5.1.13.13.12.2.77.8252.08001013010106001102020015031109:rot+6.4
1.0,0.00031141868512110725,0.00031141868512110725,0.7714285714285715,0.9688581314878892,0.8187768980514172,1.0,1.4594616174398476,0.0,0.00031141868512110725,0.0,1.2.643.5.1.13.13.12.2.77.8252.07080813110202150000000512100700:cut
0.0,0.0,0.0,0.0,0.0,0.0,0.0,0.0,0.0,0.0,0.0,1.2.643.5.1.13.13.12.2.77.8252.07070209131108100009081313101204:fov_right
0.0,0.0,0.0,0.0,0.0,0.0,0.0,0.0,0.0,0.0,0.0,1.2.643.5.1.13.13.12.2.77.8252.02120204101515130306021007150210:ctl+0.5
0.0,0.0,0.0,0.0,0.0,0.0,0.0,0.0,0.0,0.0,0.0,1.2.643.5.1.13.13.12.2.77.8252.11131406091213131205130612021414:ctl-0.6
0.0,0.0,0.0,0.0,0.0,0.0,0.0,0.0,0.0,0.0,0.0,1.2.643.5.1.13.13.12.2.77.8252.05100110120015150515030506140402:rot+4.7
0.0,0.0,0.0,0.0,0.0,0.0,0.0,0.0,0.0,0.0,0.0,1.2.643.5.1.13.13.12.2.77.8252.10151201011509101414030411060512:cut
0.0,0.0,0.0,0.0,0.0,0.0,0.0,0.0,0.0,0.0,0.0,1.2.643.5.1.13.13.12.2.77.8252.13020010101411130307011411150509:fov_right
0.0,0.0,0.0,0.0,0.0,0.0,0.0,0.0,0.0,0.0,0.0,1.2.643.5.1.13.13.12.2.77.8252.07150612000412081110110102150004:ctl+0.6
0.0,0.0,0.0,0.0,0.0,0.0,0.0,0.0,0.0,0.0,0.0,1.2.643.5.1.13.13.12.2.77.8252.06080402070700011103140402140007:ctl-1.1
0.0,0.0,0.0,0.0,0.0,0.0,0.0,0.0,0.0,0.0,0.0,1.2.643.5.1.13.13.12.2.77.8252.14070208080209001506081402060503:rot+3.8
0.0,0.0,0.0,0.0,0.0,0.0,0.0,0.0,0.0,0.0,0.0,1.2.643.5.1.13.13.12.2.77.8252.15011410150513090204040606151204:cut
0.0,0.0,0.0,0.0,0.0,0.0,0.0,0.0,0.0,0.0,0.0,1.2.643.5.1.13.13.12.2.77.8252.13011105091309080008130511041109:fov_bottom
0.0,0.0,0.0,0.0,0.0,0.0,0.0,0.0,0.0,0.0,0.0,1.2.643.5.1.13.13.12.2.77.8252.09040703010601060814101313081104:ctl+1.8
0.0,0.0,0.0,0.0,0.0,0.0,0.0,0.0,0.0,0.0,0.0,1.2.643.5.1.13.13.12.2.77.8252.08050506060410091114110412130504:ctl+1.0
0.0,0.0,0.0,0.0,0.0,0.0,0.0,0.0,0.0,0.0,0.0,1.2.643.5.1.13.13.12.2.77.8252.03120113151010021310000801051000:rot+3.1
0.0,0.0,0.0,0.0,0.0,0.0,0.0,0.0,0.0,0.0,0.0,1.2.643.5.1.13.13.12.2.77.8252.10041006131411151513070104110809:cut
0.0,0.0,0.0,0.0,0.0,0.0,0.0,0.0,0.0,0.0,0.0,1.2.643.5.1.13.13.12.2.77.8252.04081012050615111107130109120010:fov_right
1.0,0.0006041666666666667,0.0006041666666666667,0.6590909090909091,0.07640086206896546,0.865115922072838,1.0,1.7995555307292472,0.0,0.0,0.0006041666666666667,1.2.643.5.1.13.13.12.2.77.8252.15080409060108110106110204020115:ctl+1.9
0.0,0.0,0.0,0.0,0.0,0.0,0.0,0.0,0.0,0.0,0.0,1.2.643.5.1.13.13.12.2.77.8252.04041511061006011303010701020104:ctl+1.6
0.0,0.0,0.0,0.0,0.0,0.0,0.0,0.0,0.0,0.0,0.0,1.2.643.5.1.13.13.12.2.77.8252.14060403060314010506081209070311:rot-1.5
0.0,0.0,0.0,0.0,0.0,0.0,0.0,0.0,0.0,0.0,0.0,1.2.643.5.1.13.13.12.2.77.8252.02120204101515130306021007150210:cut
0.0,0.0,0.0,0.0,0.0,0.0,0.0,0.0,0.0,0.0,0.0,1.2.643.5.1.13.13.12.2.77.8252.11131406091213131205130612021414:fov_left
0.0,0.0,0.0,0.0,0.0,0.0,0.0,0.0,0.0,0.0,0.0,1.2.643.5.1.13.13.12.2.77.8252.08001013010106001102020015031109:ctl-1.1
0.0,0.0,0.0,0.0,0.0,0.0,0.0,0.0,0.0,0.0,0.0,1.2.643.5.1.13.13.12.2.77.8252.12090208061115110101131315120813:ctl+1.3
2.0,0.0035624284077892324,0.002875143184421535,0.784375,0.07101947308132883,0.8789862410087418,1.0,5.794014516246233,1.0,0.0,0.0035624284077892324,1.2.643.5.1.13.13.12.2.77.8252.04151306060901060605121400081206:rot-3.9
0.0,0.0,0.0,0.0,0.0,0.0,0.0,0.0,0.0,0.0,0.0,1.2.643.5.1.13.13.12.2.77.8252.14030405080503070005090010011210:cut
0.0,0.0,0.0,0.0,0.0,0.0,0.0,0.0,0.0,0.0,0.0,1.2.643.5.1.13.13.12.2.77.8252.11140100091110050501140207060912:fov_left
0.0,0.0,0.0,0.0,0.0,0.0,0.0,0.0,0.0,0.0,0.0,1.2.643.5.1.13.13.12.2.77.8252.03050413050004110015050414021412:ctl+1.4
0.0,0.0,0.0,0.0,0.0,0.0,0.0,0.0,0.0,0.0,0.0,1.2.643.5.1.13.13.12.2.77.8252.07111109140703130315001513000701:ctl-1.7
1.0,0.0037571592210767467,0.0037571592210767467,0.7288888888888889,0.03784259492079456,0.8451807791726631,1.0,1.5423547678466676,0.0,0.0,0.0037571592210767467,1.2.643.5.1.13.13.12.2.77.8252.13140203110104081414101201001405:rot+4.5
0.0,0.0,0.0,0.0,0.0,0.0,0.0,0.0,0.0,0.0,0.0,1.2.643.5.1.13.13.12.2.77.8252.15001111061311011106030303001309:cut
0.0,0.0,0.0,0.0,0.0,0.0,0.0,0.0,0.0,0.0,0.0,1.2.643.5.1.13.13.12.2.77.8252.10030011090613091008080403130712:fov_top
0.0,0.0,0.0,0.0,0.0,0.0,0.0,0.0,0.0,0.0,0.0,1.2.643.5.1.13.13.12.2.77.8252.14030405080503070005090010011210:ctl-1.4
0.0,0.0,0.0,0.0,0.0,0.0,0.0,0.0,0.0,0.0,0.0,1.2.643.5.1.13.13.12.2.77.8252.10000615050107010300151404090301:ctl+1.9
0.0,0.0,0.0,0.0,0.0,0.0,0.0,0.0,0.0,0.0,0.0,1.2.643.5.1.13.13.12.2.77.8252.08120904010605130814050710080508:rot-2.7
0.0,0.0,0.0,0.0,0.0,0.0,0.0,0.0,0.0,0.0,0.0,1.2.643.5.1.13.13.12.2.77.8252.11011413051206050400150606100110:cut
0.0,0.0,0.0,0.0,0.0,0.0,0.0,0.0,0.0,0.0,0.0,1.2.643.5.1.13.13.12.2.77.8252.06120514140811101106020900110711:fov_top
1.0,0.00016771488469601676,0.00016771488469601676,0.8,0.008451257861635253,0.8232954545454545,1.0,1.409481667123542,0.0,0.0,0.00016771488469601676,1.2.643.5.1.13.13.12.2.77.8252.00121200081108110912041503010000:ctl-1.6
0.0,0.0,0.0,0.0,0.0,0.0,0.0,0.0,0.0,0.0,0.0,1.2.643.5.1.13.13.12.2.77.8252.04081012050615111107130109120010:ctl-1.1
0.0,0.0,0.0,0.0,0.0,0.0,0.0,0.0,0.0,0.0,0.0,1.2.643.5.1.13.13.12.2.77.8252.15001111061311011106030303001309:rot+4.2
0.0,0.0,0.0,0.0,0.0,0.0,0.0,0.0,0.0,0.0,0.0,1.2.643.5.1.13.13.12.2.77.8252.06061007030610120805010913100711:cut
0.0,0.0,0.0,0.0,0.0,0.0,0.0,0.0,0.0,0.0,0.0,1.2.643.5.1.13.13.12.2.77.8252.01010713081306120510130101121412:fov_right
1.0,0.0005833333333333334,0.0005833333333333334,0.7,0.06573660714285712,0.8652667262523471,1.0,1.6597236393363368,0.0,0.0,0.0005833333333333334,1.2.643.5.1.13.13.12.2.77.8252.15080409060108110106110204020115:ctl-0.6
0.0,0.0,0.0,0.0,0.0,0.0,0.0,0.0,0.0,0.0,0.0,1.2.643.5.1.13.13.12.2.77.8252.01010713081306120510130101121412:ctl-1.8
4.0,0.0017875920084121978,0.0008622502628811777,0.9523809523809523,0.03135338924367159,0.8100629814704601,0.5176470588235295,5.2762097391584915,1.0,0.00043112513144058886,0.0013564668769716088,1.2.643.5.1.13.13.12.2.77.8252.14110604050810020100071004090404:rot+0.5
0.0,0.0,0.0,0.0,0.0,0.0,0.0,0.0,0.0,0.0,0.0,1.2.643.5.1.13.13.12.2.77.8252.14060403060314010506081209070311:cut
0.0,0.0,0.0,0.0,0.0,0.0,0.0,0.0,0.0,0.0,0.0,1.2.643.5.1.13.13.12.2.77.8252.03131510081105080011060404010511:fov_left
1.0,0.0004728950403690888,0.0004728950403690888,0.6212121212121212,0.020086083213773365,0.790069716317313,1.0,3.0225529230615327,1.0,0.0004728950403690888,0.0,1.2.643.5.1.13.13.12.2.77.8252.14031513011512070711151413071213:ctl+1.2
0.0,0.0,0.0,0.0,0.0,0.0,0.0,0.0,0.0,0.0,0.0,1.2.643.5.1.13.13.12.2.77.8252.11140100091110050501140207060912:ctl+1.7
0.0,0.0,0.0,0.0,0.0,0.0,0.0,0.0,0.0,0.0,0.0,1.2.643.5.1.13.13.12.2.77.8252.07111115111305011108141412010801:rot+2.6
0.0,0.0,0.0,0.0,0.0,0.0,0.0,0.0,0.0,0.0,0.0,1.2.643.5.1.13.13.12.2.77.8252.00071307071102020311080215100104:cut
0.0,0.0,0.0,0.0,0.0,0.0,0.0,0.0,0.0,0.0,0.0,1.2.643.5.1.13.13.12.2.77.8252.01080011050715071510151108031409:fov_right
0.0,0.0,0.0,0.0,0.0,0.0,0.0,0.0,0.0,0.0,0.0,1.2.643.5.1.13.13.12.2.77.8252.03050413050004110015050414021412:ctl+0.8
0.0,0.0,0.0,0.0,0.0,0.0,0.0,0.0,0.0,0.0,0.0,1.2.643.5.1.13.13.12.2.77.8252.14140312010015010504081306061203:ctl+1.7
0.0,0.0,0.0,0.0,0.0,0.0,0.0,0.0,0.0,0.0,0.0,1.2.643.5.1.13.13.12.2.77.8252.12071204070300150506091512141413:rot+6.8
0.0,0.0,0.0,0.0,0.0,0.0,0.0,0.0,0.0,0.0,0.0,1.2.643.5.1.13.13.12.2.77.8252.12071112070710000412111310090807:cut
0.0,0.0,0.0,0.0,0.0,0.0,0.0,0.0,0.0,0.0,0.0,1.2.643.5.1.13.13.12.2.77.8252.02060612071110031306070811070605:fov_left
0.0,0.0,0.0,0.0,0.0,0.0,0.0,0.0,0.0,0.0,0.0,1.2.643.5.1.13.13.12.2.77.8252.12111312010203070900101115051015:ctl-1.8
0.0,0.0,0.0,0.0,0.0,0.0,0.0,0.0,0.0,0.0,0.0,1.2.643.5.1.13.13.12.2.77.8252.15031208100010080909150509041308:ctl-1.0
3.0,0.008023133543638275,0.003932702418506835,0.8461538461538461,0.10683655362776023,0.8324186090837445,0.31585845347313235,2.0068936782847375,0.0,0.0027444794952681388,0.005278654048370137,1.2.643.5.1.13.13.12.2.77.8252.07130015011404020601141211131000:rot+5.4
0.0,0.0,0.0,0.0,0.0,0.0,0.0,0.0,0.0,0.0,0.0,1.2.643.5.1.13.13.12.2.77.8252.10041006131411151513070104110809:cut
0.0,0.0,0.0,0.0,0.0,0.0,0.0,0.0,0.0,0.0,0.0,1.2.643.5.1.13.13.12.2.77.8252.13011105091309080008130511041109:fov_bottom
2.0,0.005293501048218029,0.005041928721174004,0.7272727272727273,0.06943736189019212,0.9445355117058439,1.0,5.004991716816513,2.0,0.0,0.005293501048218029,1.2.643.5.1.13.13.12.2.77.8252.11011500050713141305050211140308:ctl-1.6
0.0,0.0,0.0,0.0,0.0,0.0,0.0,0.0,0.0,0.0,0.0,1.2.643.5.1.13.13.12.2.77.8252.06130104100900080002100912090901:ctl+1.7
3.0,0.008023133543638275,0.003932702418506835,0.8461538461538461,0.10683655362776023,0.8324186090837445,0.31585845347313235,2.0068936782847375,0.0,0.0027444794952681388,0.005278654048370137,1.2.643.5.1.13.13.12.2.77.8252.07130015011404020601141211131000:rot+5.4
0.0,0.0,0.0,0.0,0.0,0.0,0.0,0.0,0.0,0.0,0.0,1.2.643.5.1.13.13.12.2.77.8252.13090607110001000310151006050113:cut
0.0,0.0,0.0,0.0,0.0,0.0,0.0,0.0,0.0,0.0,0.0,1.2.643.5.1.13.13.12.2.77.8252.14100208080000030010140812001111:fov_bottom
0.0,0.0,0.0,0.0,0.0,0.0,0.0,0.0,0.0,0.0,0.0,1.2.643.5.1.13.13.12.2.77.8252.03150209000513130305020013101408:ctl+0.7
0.0,0.0,0.0,0.0,0.0,0.0,0.0,0.0,0.0,0.0,0.0,1.2.643.5.1.13.13.12.2.77.8252.10000615050107010300151404090301:ctl-0.5
0.0,0.0,0.0,0.0,0.0,0.0,0.0,0.0,0.0,0.0,0.0,1.2.643.5.1.13.13.12.2.77.8252.07040802010906150312000007110303:rot+3.9
0.0,0.0,0.0,0.0,0.0,0.0,0.0,0.0,0.0,0.0,0.0,1.2.643.5.1.13.13.12.2.77.8252.04131001000110131311121304090609:cut
0.0,0.0,0.0,0.0,0.0,0.0,0.0,0.0,0.0,0.0,0.0,1.2.643.5.1.13.13.12.2.77.8252.04030712110411040711120105080700:fov_left
2.0,0.0010062893081761006,0.0007966457023060796,1.0,0.019281694803045424,0.858285921113985,1.0,5.744562646538029,1.0,0.0,0.0010062893081761006,1.2.643.5.1.13.13.12.2.77.8252.09050515110402090102050206010406:ctl+1.8
0.0,0.0,0.0,0.0,0.0,0.0,0.0,0.0,0.0,0.0,0.0,1.2.643.5.1.13.13.12.2.77.8252.13011105091309080008130511041109:ctl-2.0
0.0,0.0,0.0,0.0,0.0,0.0,0.0,0.0,0.0,0.0,0.0,1.2.643.5.1.13.13.12.2.77.8252.10151201011509101414030411060512:rot+4.7
0.0,0.0,0.0,0.0,0.0,0.0,0.0,0.0,0.0,0.0,0.0,1.2.643.5.1.13.13.12.2.77.8252.15001111061311011106030303001309:cut
0.0,0.0,0.0,0.0,0.0,0.0,0.0,0.0,0.0,0.0,0.0,1.2.643.5.1.13.13.12.2.77.8252.04111300031205120703050100121209:fov_right
1.0,0.00025559105431309905,0.00025559105431309905,0.8888888888888888,0.014776357827475994,0.8270743701591,1.0,3.272233686498541,1.0,0.0,0.00025559105431309905,1.2.643.5.1.13.13.12.2.77.8252.09070705131210061514041509120513:ctl+1.6
0.0,0.0,0.0,0.0,0.0,0.0,0.0,0.0,0.0,0.0,0.0,1.2.643.5.1.13.13.12.2.77.8252.10071506040807070913151311141504:ctl-1.7
2.0,0.002257309941520468,0.0018713450292397662,0.9166666666666666,0.03649122807017535,0.8802178759093678,0.6580310880829016,2.7720482990535573,0.0,0.0018713450292397662,0.00038596491228070175,1.2.643.5.1.13.13.12.2.77.8252.03020907090204060013031106111312:rot-4.4
0.0,0.0,0.0,0.0,0.0,0.0,0.0,0.0,0.0,0.0,0.0,1.2.643.5.1.13.13.12.2.77.8252.03120113151010021310000801051000:cut
0.0,0.0,0.0,0.0,0.0,0.0,0.0,0.0,0.0,0.0,0.0,1.2.643.5.1.13.13.12.2.77.8252.10000615050107010300151404090301:fov_top
0.0,0.0,0.0,0.0,0.0,0.0,0.0,0.0,0.0,0.0,0.0,1.2.643.5.1.13.13.12.2.77.8252.14031015091008031013040205110915:ctl-1.1
0.0,0.0,0.0,0.0,0.0,0.0,0.0,0.0,0.0,0.0,0.0,1.2.643.5.1.13.13.12.2.77.8252.07071507091013150605060411110414:ctl+0.7
1.0,0.00059375,0.00059375,0.7125,0.07001096491228065,0.8641668491609107,1.0,1.6723419538514268,0.0,0.0,0.00059375,1.2.643.5.1.13.13.12.2.77.8252.15080409060108110106110204020115:rot+0.5
0.0,0.0,0.0,0.0,0.0,0.0,0.0,0.0,0.0,0.0,0.0,1.2.643.5.1.13.13.12.2.77.8252.00121200081108110912041503010000:cut
0.0,0.0,0.0,0.0,0.0,0.0,0.0,0.0,0.0,0.0,0.0,1.2.643.5.1.13.13.12.2.77.8252.01001108050505090405071008120805:fov_right
0.0,0.0,0.0,0.0,0.0,0.0,0.0,0.0,0.0,0.0,0.0,1.2.643.5.1.13.13.12.2.77.8252.15011410150513090204040606151204:ctl-1.6
0.0,0.0,0.0,0.0,0.0,0.0,0.0,0.0,0.0,0.0,0.0,1.2.643.5.1.13.13.12.2.77.8252.13020010101411130307011411150509:ctl+1.7
0.0,0.0,0.0,0.0,0.0,0.0,0.0,0.0,0.0,0.0,0.0,1.2.643.5.1.13.13.12.2.77.8252.07020101080211090714060800071015:rot-1.1
0.0,0.0,0.0,0.0,0.0,0.0,0.0,0.0,0.0,0.0,0.0,1.2.643.5.1.13.13.12.2.77.8252.01120104060301100213100004141203:cut
0.0,0.0,0.0,0.0,0.0,0.0,0.0,0.0,0.0,0.0,0.0,1.2.643.5.1.13.13.12.2.77.8252.02081511091502140105000012140914:fov_bottom
0.0,0.0,0.0,0.0,0.0,0.0,0.0,0.0,0.0,0.0,0.0,1.2.643.5.1.13.13.12.2.77.8252.13090607110001000310151006050113:ctl-1.6
0.0,0.0,0.0,0.0,0.0,0.0,0.0,0.0,0.0,0.0,0.0,1.2.643.5.1.13.13.12.2.77.8252.12090901030412121214030908040015:ctl-1.4
0.0,0.0,0.0,0.0,0.0,0.0,0.0,0.0,0.0,0.0,0.0,1.2.643.5.1.13.13.12.2.77.8252.10051211011505050506141504040101:rot+3.6
0.0,0.0,0.0,0.0,0.0,0.0,0.0,0.0,0.0,0.0,0.0,1.2.643.5.1.13.13.12.2.77.8252.15090515141309140806011408041204:cut
1.0,0.0011111111111111111,0.0011111111111111111,0.7777777777777778,0.5687619047619048,1.005480273016568,1.0,1.1535253752746104,0.0,0.0,0.0011111111111111111,1.2.643.5.1.13.13.12.2.77.8252.06111209081313111015020309051508:fov_top
0.0,0.0,0.0,0.0,0.0,0.0,0.0,0.0,0.0,0.0,0.0,1.2.643.5.1.13.13.12.2.77.8252.09071502150602001009041214040315:ctl+1.2
0.0,0.0,0.0,0.0,0.0,0.0,0.0,0.0,0.0,0.0,0.0,1.2.643.5.1.13.13.12.2.77.8252.11141409010404080202090702050104:ctl+0.6
0.0,0.0,0.0,0.0,0.0,0.0,0.0,0.0,0.0,0.0,0.0,1.2.643.5.1.13.13.12.2.77.8252.12031311070507060813050800031313:rot-3.6
0.0,0.0,0.0,0.0,0.0,0.0,0.0,0.0,0.0,0.0,0.0,1.2.643.5.1.13.13.12.2.77.8252.07130015011404020601141211131000:cut
0.0,0.0,0.0,0.0,0.0,0.0,0.0,0.0,0.0,0.0,0.0,1.2.643.5.1.13.13.12.2.77.8252.08061201060114131102110802141411:fov_left
0.0,0.0,0.0,0.0,0.0,0.0,0.0,0.0,0.0,0.0,0.0,1.2.643.5.1.13.13.12.2.77.8252.12071204070300150506091512141413:ctl-1.9
0.0,0.0,0.0,0.0,0.0,0.0,0.0,0.0,0.0,0.0,0.0,1.2.643.5.1.13.13.12.2.77.8252.05051100060005040907000403081502:ctl-1.3
0.0,0.0,0.0,0.0,0.0,0.0,0.0,0.0,0.0,0.0,0.0,1.2.643.5.1.13.13.12.2.77.8252.06020510071406141308051102110806:rot-4.8
0.0,0.0,0.0,0.0,0.0,0.0,0.0,0.0,0.0,0.0,0.0,1.2.643.5.1.13.13.12.2.77.8252.09050515110402090102050206010406:cut
0.0,0.0,0.0,0.0,0.0,0.0,0.0,0.0,0.0,0.0,0.0,1.2.643.5.1.13.13.12.2.77.8252.05020106091400040809110708040301:fov_right
4.0,0.0020084121976866455,0.0007360672975814932,0.8958333333333334,0.028616493916178376,0.8178224358947492,0.13089005235602094,5.028036524206621,1.0,0.0008727655099894847,0.0011356466876971609,1.2.643.5.1.13.13.12.2.77.8252.14110604050810020100071004090404:ctl-1.3
0.0,0.0,0.0,0.0,0.0,0.0,0.0,0.0,0.0,0.0,0.0,1.2.643.5.1.13.13.12.2.77.8252.03030806061309020808141008071213:ctl-1.6
0.0,0.0,0.0,0.0,0.0,0.0,0.0,0.0,0.0,0.0,0.0,1.2.643.5.1.13.13.12.2.77.8252.07080813110202150000000512100700:rot+6.9
0.0,0.0,0.0,0.0,0.0,0.0,0.0,0.0,0.0,0.0,0.0,1.2.643.5.1.13.13.12.2.77.8252.04100315041404021215101114140602:cut
0.0,0.0,0.0,0.0,0.0,0.0,0.0,0.0,0.0,0.0,0.0,1.2.643.5.1.13.13.12.2.77.8252.06130104100900080002100912090901:fov_top
1.0,0.0004959630911188004,0.0004959630911188004,0.5119047619047619,0.020358895952361844,0.7877907071794782,1.0,3.2342285036656544,1.0,0.0004959630911188004,0.0,1.2.643.5.1.13.13.12.2.77.8252.14031513011512070711151413071213:ctl+1.1
0.0,0.0,0.0,0.0,0.0,0.0,0.0,0.0,0.0,0.0,0.0,1.2.643.5.1.13.13.12.2.77.8252.01060001050009070514040213010802:ctl+1.9
0.0,0.0,0.0,0.0,0.0,0.0,0.0,0.0,0.0,0.0,0.0,1.2.643.5.1.13.13.12.2.77.8252.11011413051206050400150606100110:rot+3.6
0.0,0.0,0.0,0.0,0.0,0.0,0.0,0.0,0.0,0.0,0.0,1.2.643.5.1.13.13.12.2.77.8252.09071502150602001009041214040315:cut
0.0,0.0,0.0,0.0,0.0,0.0,0.0,0.0,0.0,0.0,0.0,1.2.643.5.1.13.13.12.2.77.8252.14150614130710030701101012031106:fov_top
0.0,0.0,0.0,0.0,0.0,0.0,0.0,0.0,0.0,0.0,0.0,1.2.643.5.1.13.13.12.2.77.8252.12031311070507060813050800031313:ctl+1.9
0.0,0.0,0.0,0.0,0.0,0.0,0.0,0.0,0.0,0.0,0.0,1.2.643.5.1.13.13.12.2.77.8252.02081511091502140105000012140914:ctl-0.9
