r_nsa,r_necklen,r_neckhead,r_headoff,r_lt,r_shaftax,r_headr
39.026193668285565,41.244138646721986,0.8833199810991913,-50.67306830518114,27.084374999999998,7.425558821400095,23.346091750012462
23.186033264320965,32.14989905479047,0.6887774235994581,24.42072966311324,38.84210526315789,16.981214710438742,23.338380406532067
39.11314737314301,40.18616031998259,0.8846514043105517,-47.43710293913662,8.7,8.293596172742733,22.712991876897238
34.86858007395477,36.038358081291356,0.7900413575220232,43.09303882195451,5.715789473684219,6.640613124313561,22.807893370497855
28.840288716765457,36.49260549731764,0.7147996624163998,-35.182011106284,29.4,12.542287086763025,25.526456863419178
25.491003095550536,30.62083161471033,0.6014499355648082,15.581329736694329,46.603125,20.21183425166501,25.45584412271571
29.52779022738703,46.352094078934854,0.8061389253552742,42.168171228887594,17.17346938775511,7.762601388710532,28.7494454249973
31.160091552755716,42.62545911542866,0.7376475692423011,-37.2535399213696,30.476861167002014,7.663925438381891,28.892835069742585
16.280841753824856,27.833787203864212,0.5330684279809836,-5.9768196347756035,30.090852130325814,22.113453140241667,26.107142857142854
7.050235538723592,30.214696818753374,0.5563938965222992,5.239289264634779,36.39965986394558,26.194190951400625,27.152254012497444
21.452930870001488,33.81108444205043,0.6694454021341788,-22.064953925263875,35.01190476190476,20.670537805103756,25.253055988032298
25.17832417035374,27.92460863492084,0.5230585221964235,23.70323088797138,39.578125,22.1146570112742,26.693579637762166
29.340991539011416,42.39538748694869,0.791658575359642,-44.55574553129076,20.798534798534792,0.34224383251067286,26.77630787217136
33.697895706039624,54.988785182727355,1.0812806846899172,56.07320554537287,14.57142857142857,2.9700593953600625,25.42761836095162
27.771095138692097,31.969559216562658,0.6286403253310603,-32.09218225208094,32.699999999999996,13.832306575341295,25.42754412050051
22.711073101018137,28.357912933147077,0.5862277006944633,12.063648792582882,39.82105263157895,22.86281927141967,24.186773244895647
32.86896744191757,41.93629241454826,0.8731272245472413,-44.57733146476414,22.08,4.260027451605852,24.014995315427402
29.735191280933986,43.21567569364109,0.829477069060262,40.30219829500802,26.276923076923076,13.607406870078728,26.049952015310893
29.67362233259392,50.46447661080614,0.9122735012300869,-47.8910069361397,3.092307692307696,5.720139151040362,27.65863337187866
29.813639479337123,39.64821155770543,0.8824721173416153,-39.66575408928755,17.08521303258145,8.487646624658458,22.46428571428571
25.83086390989492,37.20685438339016,0.8534451411394982,28.15735038554309,29.323934837092736,13.55652186995564,21.798035157662575
32.402150832796,32.52808642845608,0.6774567950796512,-45.94333431286119,29.6,4.621021757607003,24.007498828491066
46.922014418676135,30.84788726752414,0.6516874877747247,48.548052278179824,26.253061224489795,8.832703335882925,23.667699507979226
32.24155813882657,33.67235547040801,0.6780232969183196,42.84947657376607,28.28571428571429,11.040827764573642,24.831267320350246
31.574827213193792,39.02720947760548,0.7530023774485701,-36.656366158169924,27.85714285714286,8.236897009955158,25.91439990524534
60.23069975176866,36.24926543894701,0.8024357694998631,-40.13529545935367,0.0,6.0803215139950595,22.58701993153933
39.564126091329804,50.876299959277134,1.00270346059735,56.00333752168561,9.575510204081633,0.16541319744604005,25.36956436201393
16.85110069196798,69.91674852743586,1.3564437598128958,-39.221653095013956,41.91428571428572,11.575264312590024,25.772077913897434
19.843419182926954,32.872499661042966,0.5687317725715036,22.61830938810519,41.53469387755102,24.989341968854447,28.89982698910151
30.383736881660845,36.97054007254827,0.7126946107731991,-22.81029601630051,32.159598214285715,10.236215935208937,25.937154226856787
47.372506485858025,31.095728282731642,0.6132062980913706,30.900707705416583,25.079670329670336,1.9953859057841234,25.35503009306848
24.79478100401289,35.045495905920234,0.7565851790462449,-41.05754134349269,10.292307692307691,12.094523108707431,23.16031087874254
18.85297673727886,27.231035614755452,0.44708279166599335,-5.652319027331863,5.5634110787172,33.98169740846982,30.4541307811051
22.193972905496736,28.207908343295195,0.436442174425128,15.390655565239394,7.073920265780744,30.194892913387008,32.31574535670164
29.413699531963466,34.27361605352424,0.5328572366536409,-33.2911343512747,43.714285714285715,17.247521598801374,32.16022387981775
10.222537782470885,26.782217055928005,0.4455689806257259,6.596012612632751,57.98571428571428,28.32247064741738,30.053951487283666
15.397477044458997,24.307993921092937,0.4594943010200211,-7.248015270722478,42.77947845804988,29.420665314801987,26.45081110596167
16.095491568600906,30.481981481479327,0.5823706162804977,-1.5316518833596857,50.19047619047618,29.966172950062816,26.17060393273494
8.337391548708032,33.4229863458678,0.6667550133307447,-0.4327767867621105,41.2842105263158,30.51312941170651,25.063918289046505
3.158416028007766,28.66060693720382,0.5561906434925246,-13.720995783045435,1.842857142857133,37.94731960583523,25.765092664300663
43.414753918956364,42.80957142440942,0.7993927248816377,-50.10102853022406,25.88480885311871,6.50891005163147,26.77630787217136
39.05776140044619,45.50786742687419,0.9052326083292886,53.09573245812793,16.071938775510198,1.7515776822790357,25.13600758973112
21.965411350575152,46.20043204592191,0.7764778495112926,-29.430878356113276,34.72098214285714,13.503176153058334,29.749999999999996
30.77145660836163,26.45170693758913,0.5456179609354823,-13.143759630585867,29.693080357142854,23.95790727441656,24.240135801465087
24.214152069152618,30.81891427927471,0.6096732885571166,0.3390316021933728,43.82080200501253,31.78837479260391,25.27494221717693
34.685427893261455,40.9043497070495,0.7545130301577391,-46.85702970297027,15.15428571428572,1.7713666333870053,27.106456795383643
31.601674167579574,47.517503539084785,0.8962567985393866,52.014960978450816,16.04571428571428,3.783287968909325,26.508866441249427
17.732942232756358,24.909830692472845,0.4415637295479351,-20.885163640027063,27.516923076923074,14.18342636633755,28.20638225650358
31.197041544539452,20.968631739419195,0.41926531660230365,21.175804492692617,31.25538461538461,17.934636460135035,25.006399181009648
25.39419088537011,48.15752219110735,1.023636948829347,37.74756961929888,65.42857142857142,30.368997082355886,23.52275494069519
18.04081875767636,48.656810865034295,1.1473110466928609,-29.314056662690266,66.54285714285713,28.81779484868077,21.20471645648675
23.715988588689427,55.47663724840892,0.9180530986734337,42.314251586922346,11.204081632653054,5.753853306378544,30.214285714285715
29.07139313087301,72.17673331900697,1.213233571354398,-54.008379232881225,14.987755102040818,1.1125277340506283,29.745605060380992
37.52039098088917,35.15934331047768,0.6658966536075319,48.18913043478259,15.400000000000011,0.4585206972116256,26.4
41.46229464916323,35.71769182161318,0.6536571052321367,-51.62207175034374,16.450680272108848,3.6081341633802144,27.32142857142857
4.964413188265931,62.70743553312773,1.4123296291244984,-26.850913979654337,37.440000000000005,12.613273335845923,22.2
38.13766994802089,29.07638972200285,0.6400827746426971,31.621914115550144,35.55428571428572,18.238653991980254,22.712991876897238
20.765043513986424,35.96312781782811,0.6926650714382725,-21.767132650309144,34.70704225352112,16.281470148132254,25.959969183340725
26.704864899908152,38.7512313011448,0.7520103227658353,24.78780988688834,28.884507042253517,11.559027293479797,25.765092664300663
16.0965800764114,27.215565732810358,0.5732960499728756,-7.9101352686299204,35.76842105263158,25.180912860229327,23.736048533822977
20.907068763292983,24.214217851775988,0.5120395078302927,1.6518794300112403,30.221052631578953,27.433119254650173,23.644872594285637
32.02236034374682,47.220753664418304,0.9527131394271083,-46.82103669190444,18.857142857142858,2.8374398189435714,24.782251713676057
30.38441337733685,46.88409345347239,0.9260496581270539,49.50340286455832,16.174285714285713,3.467182628989527,25.314027731674784
8.363615258920863,88.64596372449711,1.9137472762910952,-20.84853677881063,57.31428571428571,16.52523750135548,23.16031087874254
6.579070492393409,87.6311043365966,1.825648007012429,-24.733405821553912,62.79999999999999,31.197140921153363,24.0
38.00758556590939,32.410795306144266,0.6586917528990089,-29.8101498695727,35.04081632653062,12.860632646025035,24.60239950135941
27.70962793125125,30.18931527891092,0.5856727043388429,20.83190949001962,32.58333333333332,17.532895975159835,25.773196407532076
22.991947437755645,34.89609285383765,0.6764213627148971,-22.902972096140378,36.36111111111111,8.700259804769106,25.79464131187257
32.329522573592776,37.55623153259652,0.8039522674196855,-47.050628493926375,10.131696428571427,5.6736283009937765,23.35725207488663
29.2122670696757,29.517783136475792,0.6224836232308586,35.824967204061295,23.650111607142854,11.038988506716963,23.709686516145197
36.66539807004158,36.78649389517747,0.713064652661901,-46.025409442505236,30.646258503401363,5.546930175489663,25.79464131187257
41.9669475772434,31.844835810999253,0.61054818297831,51.42161086842759,19.45748299319727,4.273173009397097,26.078888365253356
33.774919642058535,33.53081419897539,0.7080413254685604,-43.43942001968015,21.895691609977323,0.9640071523923751,23.678571428571427
34.827099468548454,29.915194499953113,0.6186134434171883,37.809769501062846,27.425510204081636,6.668777365386282,24.17923084139842
26.093536154380647,48.702787950478104,0.9380907234519695,-41.863022113022126,11.472634508348792,6.682635275496515,25.958463682095935
29.553910022687333,41.33522815556805,0.8148951589023841,43.75710188910706,13.443877551020405,6.934496696007842,25.36229826867801
26.02652980124778,32.322364805539976,0.7320934383248855,-15.624568167387114,41.285714285714285,23.031784064080476,22.075300168990236
3.0280478557989134,24.17593605142563,0.5493396038824739,-17.284644959029162,1.0775510204081569,45.15465580247142,22.004544985070698
17.97725623704867,31.825808792142322,0.7057987011716472,11.730569727245854,0.0,38.81670775708853,22.54595307366712
41.43560903420093,38.252154130604296,0.7830930989967285,41.186733268674594,15.378947368421063,0.6247877600135041,24.423758924457143
31.60651067320341,38.5901195456939,0.8521967689089069,-34.2098177085682,30.95357142857143,9.971546976429808,22.641554716935847
26.395876786814537,43.86601654192297,0.8176499333751525,-41.29130127298439,22.33418367346939,4.630549087991467,26.82444818459763
27.97289277764609,53.097936515631645,0.9578729319126286,49.35314710042434,11.899999999999995,2.3608144127052975,27.716586796960936
32.47657874897132,33.206511886052304,0.6436707431703702,-41.74488814276696,27.25396825396825,11.163038025992375,25.79464131187257
41.07038654840686,32.507328689049025,0.6958722837948994,57.64463176574976,5.917233560090703,0.11867966533143307,23.35725207488663
10.158777748841072,38.11598142819901,0.7692705418442176,-10.2309774405038,38.16326530612245,28.020510997118897,24.774106998053842
8.678235414943282,30.948767305760512,0.5553839009029697,-3.1066454858606063,49.93749999999999,36.14226648748681,27.862499484989144
30.137572894103393,33.22248299939583,0.6954024373552169,32.535478877091286,36.9375,14.526953721547839,23.887235084873257
39.83733167479358,36.316723153483494,0.8036876484646547,-51.822791059542176,29.134285714285724,2.181061778490668,22.593804460515276
29.80444461297594,35.87008676481121,0.725688577538165,-45.85902454739369,17.420329670329668,4.0123627913548106,24.714517959272108
26.42834377678194,38.90776110969815,0.8429104371699018,46.79669803732305,12.182282003710577,0.445359490705611,23.079415910622828
27.32060689795579,38.77048183857227,0.7683849006502741,-27.78969515814335,33.142857142857146,12.786526600400036,25.228555249954365
30.15339351457005,36.16047404549897,0.682044894783412,33.51166634866343,33.20952380952381,7.980458054758278,26.508866441249427
29.024423129820406,47.294837867877376,1.1111998507372907,-42.36149804455609,13.557894736842098,35.72052066712029,21.28097742116184
14.976930122964136,21.02359486332766,0.44586366829056906,4.7644206438531285,12.631578947368421,35.33177096599768,23.576259245266197
21.72294345657898,29.516019714232268,0.6059808277288395,-25.66374668142548,31.853621730382294,4.61529446013826,24.35392207444549
37.58806563379989,55.21067788397567,1.1955405313158407,-48.890313322171764,0.11538461538460751,3.0519666352237893,23.090257685872626
36.77664625091881,51.12928913554733,1.0243902990114335,44.689279110663755,0.12676056338027591,7.761175731916188,24.955961211702505
12.66884521944443,25.512693565605247,0.5089526160950434,-3.277578177647808,51.96842105263157,32.30849534530048,25.063918289046505
24.243213431560022,30.029936273846747,0.5949894266301575,-14.271361642718935,36.975,23.063128353947707,25.23568901377571
6.487925441318358,18.469016348154348,0.37143033677550696,-34.829731424204724,13.714285714285717,49.387954433584255,24.86201922612079
14.873582814132291,19.57623812444036,0.3797954939807937,9.90536409140014,6.171428571428566,38.22046064375826,25.772077913897434
21.817968245234002,62.93239445214617,1.2550785010630006,19.29362044115104,51.657142857142844,22.10652436087957,25.071098898931414
22.365751367840502,60.619390818068354,1.2593669727007581,-29.877019911958783,61.56428571428572,29.195672816110218,24.067405344157894
11.369904898272205,34.84637790649508,0.6540757158592355,-7.064574541873603,60.42857142857143,28.46824795265181,26.63787774227228
21.87232530281916,42.038217498728756,0.8307572011737059,-27.23094749584106,35.11224489795919,17.47553502725277,25.301145412484267
28.914867493137248,55.92260093502267,1.1705540791206097,50.48077727586651,1.3694117647058817,0.17730866736650713,23.887235084873257
28.868819043060007,45.06007398088155,0.9387515412683656,-44.24228781562853,6.030769230769231,4.552430547208312,24.0
37.74425192529114,39.28424558939303,0.7656831249062059,-40.50683432303635,32.83098591549295,8.311605533596744,25.653069991718336
39.018844052919256,52.08019765700921,1.0843266253637893,56.15006022018533,16.123943661971825,3.1072979155254155,24.014995315427402
37.562828876807494,41.703517967059426,0.8681497319402328,-43.92088577772174,31.36904761904762,6.174736543651404,24.018620540178013
39.42218303362131,34.28790413078201,0.7202497562209358,34.61968155364773,36.89115646258503,12.23825623070178,23.802787737608227
33.653238872604774,44.448868952872395,0.9315714725112373,-47.08453774486385,15.652901785714285,3.633566977948167,23.85692899818603
37.2073001443762,45.661587441049996,0.9529844490972211,48.07387844823979,4.970982142857142,2.8579506964450974,23.957152440580757
25.64397427077702,29.036175435953446,0.5554053536097628,-13.47762038169562,39.3,24.95127579202765,26.139625092950357
34.8290225395558,37.49863694781521,0.7275051137338503,37.270161598358,31.724999999999998,13.418398944055571,25.772077913897434
23.744389131722464,40.6631174392706,0.8508790548506694,39.66650740563782,6.890625,7.141861855072232,23.89476930208785
26.619212121639055,43.59033438861438,0.9153583490876045,-41.369197247352936,13.091517857142856,0.18995212971676775,23.810529740654914
25.430915843966023,47.71849182274841,0.9226839814373057,47.38131957733592,15.465306122448975,6.974493462736526,25.85852403572413
35.337563204277025,43.303092275058354,0.7938495235491997,-52.28049005740908,10.24897959183674,0.10679091602838331,27.274118702909693
27.50052545923195,47.28891386704166,0.9378571680680067,37.95445161238619,22.353383458646615,6.626872905449765,25.211149137164032
9.385414792631895,32.42631193826175,0.5873170767007944,5.25639178222241,54.43984962406015,28.225929400618288,27.60545642603643
18.24326658333411,49.0164302396768,0.9755947964620735,-40.91991049491042,0.8337662337662379,0.315485593985535,25.121305698549985
25.484805555012716,54.64624671469832,1.079366888863776,45.618673218673216,0.1090909090909122,4.445607964730294,25.314027731674784
40.93267136126676,24.32378018819188,0.5377157842607816,-45.98650698168945,19.15714285714286,1.441729824869175,22.617692189964917
19.05806495140423,62.73579696768099,1.2985021288476097,-13.072216875573087,39.81428571428572,19.5298274269487,24.156986567036874
22.961431969129038,32.30029959579916,0.578637271034005,28.613600274623035,37.53683035714286,17.930415859737145,27.910662873547388
30.83576912283223,38.343185676141545,0.7273775060514656,-40.00027907437554,29.892857142857146,8.030647684539785,26.357142857142858
7.519885850209941,26.581470323724858,0.514774880736562,-7.347566459580823,58.00375939849625,37.767337766169305,25.818538664601263
7.135555419277812,27.894619842982998,0.5382069417964188,0.16089641862371656,40.69172932330827,27.816721068256076,25.91439990524534
7.232568963305808,68.7997396026893,1.1700635986851922,-4.778205941224763,37.62857142857143,10.94212336399224,29.4
20.330813152627634,66.16334159398062,1.1623714280263016,-20.447503876876386,41.85,22.389677968736432,28.46049894151541
22.85852963472362,29.225926339463765,0.5940228930785318,-20.37370672966687,40.08857142857143,20.25874876929272,24.599999999999998
28.005214539598843,29.336901637154604,0.6036859587711543,34.09226007665972,31.76571428571429,15.687185381466826,24.298148077579903
23.630857602911814,34.79203866514634,0.7190080330969736,-42.65051290149822,10.824489795918362,5.31128008421183,24.194471454850834
29.31398810434287,42.68800189599856,0.8526297476445559,46.060562314899975,7.771428571428578,3.365034270548708,25.033141298392938
11.473192984473128,27.026070251598263,0.4993742920784218,16.546414534217238,1.7263157894736842,39.707215363316244,27.059933481071234
14.762868486996638,44.85634584123006,0.7819870179718151,30.34809055809055,13.792207792207785,17.540714192467576,28.681004166521085
32.174226886867395,26.75851544139725,0.563128801282647,-31.508904892005994,31.799999999999997,9.54326521684458,23.758787847867996
22.468736519998696,21.425614309278405,0.44622754045189017,8.74042514200745,30.942857142857132,23.092186315876585,24.007498828491066
27.63084960441197,28.425437343942733,0.5507316619156207,-21.702232026508216,42.92957746478872,21.78914624000179,25.80697580112788
22.706075941020718,27.345266074676104,0.5298037686670941,-0.3386056056195912,50.71875,33.26829959822744,25.80697580112788
17.8431984806969,29.66417859409173,0.6330181454932843,8.085362449618808,52.425,34.13455728913313,23.430749027719962
18.461532260131705,30.377546522845286,0.6328655525592768,-2.635291543491752,47.55,32.95744404004811,24.0
19.174585281672623,35.16217486738144,0.7989752774083201,-10.567010533195178,39.009375,21.586664289102323,22.004544985070698
16.34934023657766,33.78689905481533,0.7153875525619476,17.45219721810951,35.9625,22.207158404311812,23.614402384985315
25.97707823068349,51.14670034437887,0.9533969672078838,43.98792647886799,5.528571428571425,7.747995320824576,26.82340205788937
36.49924337195022,40.90772813873294,0.7616635560031961,-46.02970579753585,25.55130784708249,3.0710759723794707,26.854198166835545
24.984788003172994,42.735595662917945,0.7740126999566262,31.023682229791437,28.66666666666666,10.794834398840603,27.606520968785617
19.056021261661467,35.430897294093384,0.6394510500102976,-14.488953151666543,38.349295774647885,19.34620061075924,27.70415131347647
